regime,nest_mu,method,toll,n_seeds,mean_n,W_exp,W_exp_lo,W_exp_hi,W_perc,W_perc_lo,W_perc_hi,TCS_exp,TCS_perc,R,suppression_rate,suppression_lo,suppression_hi,mean_vot_suppressed,mean_vot_travelled,spo_sec
elastic,0.5,davis_threshold,0.0,38,2992.157894736842,-1.7475467766827766,-1.757925544421033,-1.7376790345720399,-1.6337393280689223,-1.6476478051230434,-1.621482335106346,-1.7475467766827766,-1.6337393280689223,0.0,0.024413624797677523,0.022416970597840005,0.026644052085529512,18.974333194267157,19.085200631804515,24.164258704174006
elastic,0.5,davis_threshold,0.17,38,2990.4210526315787,-1.7072132245587621,-1.716309240773293,-1.6975320479269302,-1.521641769046525,-1.5318450499268164,-1.512803764378567,-1.7876827432854172,-1.6021112877731798,0.06705793227221236,0.05291470059775962,0.04978423104451774,0.05639875319940386,12.194581201208452,19.403480678909137,19.99172569057788
elastic,0.5,davis_threshold,0.28,37,2990.4324324324325,-1.7254765709099487,-1.7345140328656226,-1.716195652473517,-1.524128185445025,-1.5356598062822926,-1.5134029474882176,-1.8364223203216028,-1.6350739348566794,0.09245479117637863,0.09433717356466756,0.09031268130567457,0.09821840211132675,11.949204565952863,19.742290037522285,16.992560663130586
elastic,0.5,davis_threshold,0.5,37,2991.7837837837837,-1.7738006489920162,-1.786625599671523,-1.761507763736874,-1.5307194210200847,-1.5477758637745622,-1.5128033426221197,-1.9230043233292151,-1.6799230953572837,0.12433639528099887,0.1671296346583793,0.1607981836719188,0.17386073623298529,12.129443147905734,20.38779779444378,13.648300185392948
elastic,0.5,ema,0.0,39,2975.8205128205127,-1.8658099742268008,-1.8783274612747138,-1.85313374395836,-1.294506611076117,-1.3088158123617868,-1.2819036673808313,-1.8658099742268008,-1.294506611076117,0.0,0.04733744101192127,0.042499398521483184,0.05204486614076542,19.234025121956577,19.064255309650868,37.257285737469935
elastic,0.5,ema,0.17,36,2986.472222222222,-1.857160496764188,-1.8716360486869013,-1.8412648806427934,-1.2852514579031937,-1.2984481184595098,-1.272956668497312,-1.9463953089972235,-1.374486270136229,0.07436234352752943,0.07707573066246629,0.07239859604057212,0.08201393862599557,13.704610220408656,19.51882012930548,34.69726689703109
elastic,0.5,ema,0.28,35,2989.0285714285715,-1.8413908821202938,-1.8572546420950633,-1.8255312007006128,-1.3300613221431168,-1.3446550632242955,-1.3154609615957422,-1.9756919756584264,-1.4643624156812496,0.11191757794844398,0.09784476876636292,0.09238569677661418,0.1035438752296279,11.443912328232862,19.95018526144109,35.792002205704144
elastic,0.5,ema,0.5,40,3009.025,-1.7757622873856156,-1.7892263700148734,-1.7617642927086836,-1.4414511450376792,-1.4585130863754303,-1.424370297309675,-1.9639821247297617,-1.6296709823818252,0.1568498644534549,0.16440166494445568,0.15990204420569032,0.16910184348280236,9.574561862083282,20.947730902076223,25.335817694320326
elastic,0.5,habit,0.0,35,2991.4857142857145,-1.723333013491222,-1.7347156476353345,-1.7123815016942712,-1.7233330134912217,-1.7343559526942138,-1.7121135012503532,-1.723333013491222,-1.7233330134912217,0.0,0.047593336464815415,0.04388628067858722,0.051443553686903024,18.911499362314284,19.07786848193048,0.0
elastic,0.5,habit,0.17,40,2991.05,-1.688142737685365,-1.6971694296308293,-1.6793656207040983,-1.6881427376853655,-1.6974496612298389,-1.6789444938904023,-1.7826404093315353,-1.782640409331536,0.07874805970514202,0.092751724040144,0.08954337988109497,0.09564285698278632,12.65775635605931,19.71373935142817,0.0
elastic,0.5,habit,0.28,36,2991.0,-1.688651162853298,-1.6969059069191197,-1.6803011443969755,-1.6886511628532985,-1.696960913411997,-1.6802632407854194,-1.8205597775863862,-1.8205597775863869,0.10992384561090679,0.16874698168579813,0.16336973884616818,0.17402253055462683,10.395130692548028,20.84623185680546,0.0
elastic,0.5,habit,0.5,38,2991.0,-1.7368289887554134,-1.7444911867367714,-1.729453271267303,-1.7368289887554142,-1.7438679630925593,-1.7299340734355353,-1.888452279680821,-1.8884522796808216,0.12635274243783984,0.32508050467191046,0.3206094159671999,0.3292955621249714,10.642468873109951,23.095513016828182,0.0
elastic,0.5,mixed|d0200e0600h0200,0.0,29,2991.206896551724,-1.7745336259627063,-1.7874859976383943,-1.7619689209286542,-1.6537781608003406,-1.6712819407167006,-1.6356767430769021,-1.7745336259627063,-1.6537781608003406,0.0,0.027455528248022443,0.025855024353613677,0.029110917585464097,19.36618527144752,19.041103983159886,17.873756542919477
elastic,0.5,mixed|d0200e0600h0200,0.17,29,2991.344827586207,-1.7034943575812689,-1.719728332972455,-1.6892655048879572,-1.5358139287371992,-1.5501136353403488,-1.5225634570946414,-1.8006588249205366,-1.6329783960764674,0.08097038944938972,0.04710062035723766,0.04483401427942051,0.04939564385581391,11.970960199939276,19.367081942490927,14.846989987204138
elastic,0.5,mixed|d0200e0600h0200,0.28,29,2991.206896551724,-1.6826927336744641,-1.6922126104758881,-1.67281611512466,-1.5246699278125304,-1.5318184977540983,-1.518000048611217,-1.8159468082354822,-1.6579240023735493,0.11104506213418193,0.07829831308215696,0.0749849484188289,0.08179841826156067,10.332968863497848,19.7568550076516,13.321572675907856
elastic,0.5,mixed|d0200e0600h0200,0.5,28,2991.535714285714,-1.728077352092996,-1.738446780032748,-1.718007611977825,-1.578689761139269,-1.5878535513912408,-1.5683543069256798,-1.8881788898945253,-1.7387912989407985,0.13341794816794145,0.17653301934118643,0.17229737132832462,0.1806742614363575,11.12686238964179,20.662355568575606,10.426283899935822
elastic,0.5,mixed|d0340e0330h0330,0.0,28,2992.3928571428573,-1.7770426633170415,-1.7891646635315657,-1.7644362550206392,-1.707705946508707,-1.7197614462968474,-1.6949780248334223,-1.7770426633170415,-1.707705946508707,0.0,0.03584723408101947,0.03339441919072549,0.03806050487113301,18.520506886129347,18.988460558030575,12.804098899592972
elastic,0.5,mixed|d0340e0330h0330,0.17,30,2991.0,-1.6799042349870037,-1.689464483818965,-1.6691676362277446,-1.5601784350566044,-1.5699572787298899,-1.5509402226528866,-1.7740811700268202,-1.6543553700964204,0.07848077919984695,0.05222277343832794,0.04969880054430749,0.05499904443825538,12.436976559216719,19.379595035457992,11.258494812505093
elastic,0.5,mixed|d0340e0330h0330,0.28,29,2990.655172413793,-1.7063257068632374,-1.7190285217782075,-1.6939442814135048,-1.574285912190528,-1.5869393341257167,-1.5631315106323986,-1.8290622104526562,-1.6970224157799472,0.1022804196578492,0.09571106046978678,0.09259161955013533,0.09909478373404082,10.905401450239921,20.03818927913838,10.738783271051258
elastic,0.5,mixed|d0340e0330h0330,0.5,26,2990.9615384615386,-1.7503609128209543,-1.7614362633983824,-1.739298535017568,-1.6110555699240554,-1.621107530976682,-1.6019343731998357,-1.897852101646959,-1.75854675875006,0.12290932402167057,0.18901775623939607,0.18456916065284165,0.19353575940297307,11.450072853749107,20.895506797389775,8.341954775947091
elastic,0.5,mixed|d0600e0200h0200,0.0,30,2991.2,-1.7582024008773476,-1.7686408594350458,-1.7470008225821263,-1.6699830917283793,-1.6836842802072085,-1.6568278237834932,-1.7582024008773476,-1.6699830917283793,0.0,0.029214156052791197,0.026843173264152087,0.03167268176620689,19.262909226151507,19.05581887038629,17.55999146420442
elastic,0.5,mixed|d0600e0200h0200,0.17,28,2990.964285714286,-1.6989199310709768,-1.70737588735728,-1.6905564548952756,-1.5354353114829358,-1.5438282712390499,-1.5265873672120558,-1.783760187674668,-1.6202755680866272,0.07070021383640929,0.04918384395894986,0.04751247462989701,0.0509650169236512,12.047205858845023,19.37855366582296,16.357658669615784
elastic,0.5,mixed|d0600e0200h0200,0.28,27,2991.4444444444443,-1.7155331812816035,-1.7276845394392104,-1.7042875024599047,-1.545615706539368,-1.5605404615312541,-1.5322371479280827,-1.8312641739024296,-1.6613466991601937,0.0964424938506882,0.09372533191716775,0.09051059220700973,0.09723439738286065,11.165356243167762,19.871519970509308,13.573522149792572
elastic,0.5,mixed|d0600e0200h0200,0.5,30,2991.5666666666666,-1.7604223412184938,-1.769122116309402,-1.751265374403371,-1.5775610385139704,-1.589711693821597,-1.5647007081612714,-1.908386493626819,-1.7255251909222955,0.12330346034027102,0.1731310519252415,0.16759072232206979,0.17819924274949492,11.667559027517802,20.6096706196192,10.018722961365086
elastic,0.3,davis_threshold,0.0,29,2990.4137931034484,-1.7555351443380804,-1.769303042510433,-1.7425735354513394,-1.6409478345823503,-1.6579889053306935,-1.6246441253488204,-1.7555351443380804,-1.6409478345823503,0.0,0.026213657864628755,0.023780694193840206,0.028925599466860248,18.902432413456168,19.073760881080982,23.09024548844715
elastic,0.3,davis_threshold,0.17,28,2990.964285714286,-1.7171337255683574,-1.7281850475382299,-1.706323503087124,-1.534406033566651,-1.5462577106605484,-1.522424674830435,-1.7968417102925085,-1.6141140182908018,0.066423320603459,0.05526128561994472,0.05266498905078084,0.057907648833902994,12.122877194957386,19.489965669387914,20.334839051495038
elastic,0.3,davis_threshold,0.28,29,2991.0344827586205,-1.7308133152061431,-1.7447145657377054,-1.7183944268274698,-1.5332608843663798,-1.5495767311780415,-1.5170702096026139,-1.8419106640971104,-1.6443582332573476,0.09258112407580646,0.0960655998730404,0.09059357851656229,0.10146513264320427,12.03932591535501,19.772947740621454,16.85937964258781
elastic,0.3,davis_threshold,0.5,29,2990.4137931034484,-1.790852697353934,-1.8038132213282756,-1.7781777378261658,-1.54768566738932,-1.5634707237146794,-1.5291098739346072,-1.9384578909585093,-1.695290860993895,0.12300432800381246,0.16794395588621508,0.16067462319205658,0.17488405308268168,12.20779564762736,20.515387503895873,13.478620040465069
elastic,0.3,ema,0.0,29,2977.5862068965516,-1.8726299742186698,-1.8885852204266156,-1.8577194340406864,-1.312326301618173,-1.3290425923955445,-1.2970280386818918,-1.8726299742186698,-1.312326301618173,0.0,0.05262873697662322,0.048077136638945445,0.05738090916384216,18.844441870472412,19.07573153044483,38.09914670797232
elastic,0.3,ema,0.17,29,2989.0,-1.8478376635816722,-1.860536428556714,-1.8351038886143198,-1.2870284595975874,-1.3010033690915948,-1.274295167722842,-1.93671367741136,-1.375904473427275,0.07406334485807327,0.08013857227418807,0.07496347231862777,0.08534210430446405,13.435566948630822,19.507336160066423,31.8539327362889
elastic,0.3,ema,0.28,29,2984.9655172413795,-1.837243775412646,-1.8524980078833484,-1.8235014173005213,-1.3100700129133904,-1.3284723583852103,-1.2924555625481133,-1.9706545231012156,-1.4434807606019597,0.11117562307380771,0.09817377443625391,0.09440446623954434,0.101889747472422,11.210226983294302,19.891426766035135,35.59037922515451
elastic,0.3,ema,0.5,30,3005.1,-1.7876588194734349,-1.8001740173422838,-1.7751959066640135,-1.4218924413928957,-1.4391657826350246,-1.4048038831395213,-1.9769836381756443,-1.6112172600951058,0.15777068225184143,0.16483020862869344,0.1605808463381689,0.16978266689571275,9.64734665533848,20.92664181738054,26.129825957208382
elastic,0.3,mixed|d0200e0600h0200,0.0,28,2992.6071428571427,-1.7750450262447217,-1.7865738823560227,-1.7633252813270521,-1.6467506619222727,-1.659937489711253,-1.6330950913774698,-1.7750450262447217,-1.6467506619222727,0.0,0.03106614346550398,0.028860499553030543,0.03297713825300188,19.438647481957933,19.03673231356533,18.285495199667295
elastic,0.3,mixed|d0200e0600h0200,0.17,30,2992.133333333333,-1.6994394173202803,-1.7114337805773314,-1.6881318540319663,-1.5358624210311438,-1.5455164939185906,-1.5269957328474102,-1.796169739361854,-1.632592743072718,0.08060860170131207,0.049641062037658924,0.04757480107676414,0.05165821170529469,11.878882001605582,19.378278909007072,15.32816317583238
elastic,0.3,mixed|d0200e0600h0200,0.28,29,2991.310344827586,-1.6876057257277144,-1.6989454736300789,-1.676337968418197,-1.5180334913465012,-1.5296695403688705,-1.5077115804239987,-1.821760572325732,-1.6521883379445186,0.11179570549834772,0.07801838598578707,0.07510426290160815,0.08101684112795346,10.445341439169114,19.712857718469415,13.731328921054658
elastic,0.3,mixed|d0200e0600h0200,0.5,30,2993.766666666667,-1.7432176089877516,-1.7534891056507238,-1.7327242842647128,-1.589228316209083,-1.5993392148905812,-1.5799301642878307,-1.9021048130544929,-1.7481155202758243,0.13240600338895117,0.17590446525568232,0.1717572913728622,0.17999873701429783,11.166560461578507,20.764575735876758,10.239681939229532
elastic,0.3,mixed|d0340e0330h0330,0.0,29,2990.7241379310344,-1.7713809840795727,-1.7844421723779869,-1.7595197247640864,-1.7005675890575247,-1.71112783616922,-1.6890476405226564,-1.7713809840795727,-1.7005675890575247,0.0,0.03371108490437445,0.031226918544206235,0.036183798818216255,19.105399428491854,18.971839610487248,13.193860115992177
elastic,0.3,mixed|d0340e0330h0330,0.17,29,2991.0344827586205,-1.688236798474131,-1.6940481552837132,-1.6819339473817665,-1.5685836963995106,-1.5764376360703682,-1.5610224282278655,-1.7823886040557997,-1.6627355019811794,0.07845983798472393,0.05379297961799217,0.051266472692584455,0.05664119875528869,12.2051342475344,19.492788152500147,10.95714056454162
elastic,0.3,mixed|d0340e0330h0330,0.28,30,2991.1666666666665,-1.7040193141157156,-1.7115585063550944,-1.6960186317170585,-1.573124432528364,-1.5824527667982604,-1.5637351210350887,-1.8261460020087166,-1.6952511204213647,0.1017722399108341,0.09740952250988127,0.09411414729334981,0.10091716295748755,10.865170601376706,20.009627182341266,10.531420182585034
elastic,0.3,mixed|d0340e0330h0330,0.5,29,2990.862068965517,-1.7517921228518474,-1.7623591163159187,-1.7422735326174348,-1.6120901461531654,-1.6213357147775962,-1.6034451256477393,-1.8989368024796804,-1.7592348257809984,0.1226205663565278,0.1935318420870998,0.18953407700022726,0.1984470937692068,11.600620612206663,20.874161481841508,8.5910178055472
elastic,0.3,mixed|d0600e0200h0200,0.0,30,2990.9,-1.7630939372029397,-1.7753241293249578,-1.7520704622600798,-1.6641805213592287,-1.676453381089454,-1.651810427066273,-1.7630939372029397,-1.6641805213592287,0.0,0.029691129829687374,0.026617935801433748,0.03288348915321163,18.781224247919855,19.066579275165488,17.49025102756279
elastic,0.3,mixed|d0600e0200h0200,0.17,30,2991.0,-1.7010111631031875,-1.7092400447166904,-1.6930027027154384,-1.5360304404450216,-1.5447772436283862,-1.526267932059806,-1.7856713222417968,-1.6206905995836318,0.07055013261550809,0.050484665105035166,0.04768651930988556,0.05346093530588287,12.403427333275118,19.418091175013902,16.05582604732908
elastic,0.3,mixed|d0600e0200h0200,0.28,28,2990.3214285714284,-1.708733572645594,-1.7178718074145731,-1.6992755441495897,-1.547596416024924,-1.5569641942148513,-1.537642620108853,-1.8257477727634548,-1.6646106161427845,0.09751183343155052,0.09021760571743502,0.08688268454783254,0.09355878736068365,11.373876562520136,19.821378769059343,12.88903098302755
elastic,0.3,mixed|d0600e0200h0200,0.5,30,2989.9666666666667,-1.771561997913473,-1.7835976384442471,-1.7591659877828105,-1.5872603009725985,-1.6010857867378254,-1.5747226040720779,-1.9181228976740037,-1.733821200733129,0.12213408313377556,0.17644885684441158,0.171687240727636,0.18115007721215498,11.887544285153243,20.647971521541002,10.206614634504083
elastic,0.7,davis_threshold,0.0,29,2989.9310344827586,-1.7417890310848718,-1.7530230618935325,-1.7300152938997944,-1.637170166578197,-1.6500484768443624,-1.6239594937672672,-1.7417890310848718,-1.637170166578197,0.0,0.02372318442139355,0.021631880656002238,0.02579412488076986,19.166702827798343,19.070759883537843,23.53858506838883
elastic,0.7,davis_threshold,0.17,30,2991.0,-1.7021933304318742,-1.714131000020362,-1.6899874763642537,-1.5240436769118164,-1.5373088469292349,-1.510910726438965,-1.7832163196261106,-1.6050666661060535,0.06751915766186398,0.050707115689364805,0.047602584367915785,0.05407537576838067,12.081072749612202,19.4267865473946,20.590145816372473
elastic,0.7,davis_threshold,0.28,30,2991.4,-1.7332941084027758,-1.7456136653018108,-1.7224341908728622,-1.5476858069230355,-1.564557464866369,-1.53126529180146,-1.8415687343869775,-1.6559604329072368,0.09022885498683458,0.10103356152552513,0.09635436674960356,0.10559730620693857,11.850530487561826,19.873560011591927,18.140867626522247
elastic,0.7,davis_threshold,0.5,29,2990.7241379310344,-1.7645821776165405,-1.7811944526543486,-1.7479617727973555,-1.5176904995113016,-1.5330399610711316,-1.5029373381648146,-1.91794160756482,-1.67104992945958,0.12779952495689895,0.1586126001386275,0.15125831910184548,0.16567530280374448,11.893813244430952,20.370775513218295,13.538613638963996
elastic,0.7,ema,0.0,29,2983.9655172413795,-1.8611776407294396,-1.8770199795500928,-1.8452797446500837,-1.300796213235708,-1.3182341330549694,-1.283819966032713,-1.8611776407294396,-1.300796213235708,0.0,0.03783108265156172,0.03370162037567506,0.04221054630015645,18.50414464115397,19.173024047427354,36.238261727238665
elastic,0.7,ema,0.17,30,2993.9333333333334,-1.8448881991980894,-1.8611728262792873,-1.8295534214961116,-1.2990474670044088,-1.3143470339976169,-1.2830859204933578,-1.9332668422120647,-1.3874261100183842,0.07364886917831286,0.07086112130743655,0.06634783673032128,0.07514691701129159,13.67833709725085,19.46945933383352,33.087108304581854
elastic,0.7,ema,0.28,30,2983.9,-1.817111479742392,-1.8321445539533772,-1.8029238322902805,-1.3234368970949564,-1.3398760563512286,-1.3070952131181168,-1.9538711948954102,-1.460196612247974,0.11396642929418183,0.08952630965912586,0.08415886312004105,0.0954586104228951,10.828926765086315,19.90559559561016,35.761483151967234
elastic,0.7,ema,0.5,30,3004.0,-1.7628324328822833,-1.7750301354386135,-1.7506262000499149,-1.4261836944772466,-1.4427950790243589,-1.4108801484406648,-1.9552474901562356,-1.618598751751199,0.16034588106162723,0.15975316161989664,0.15393185342667765,0.16533530950217734,9.38831182504839,20.908219482276646,25.363500330326712
elastic,0.7,mixed|d0200e0600h0200,0.0,30,2991.5,-1.7722165014265154,-1.7851752055848564,-1.758448641007971,-1.6612541690882636,-1.6772102244046485,-1.6444270429084409,-1.7722165014265154,-1.6612541690882636,0.0,0.030523566593675024,0.02821333251546779,0.03302196101122843,18.806580793022434,19.018698207608477,17.67854538595067
elastic,0.7,mixed|d0200e0600h0200,0.17,30,2990.9,-1.6966878657995088,-1.7097858473182623,-1.6840885353042774,-1.5374550534436602,-1.546355178707879,-1.5279160478395406,-1.7941395853913276,-1.6349067730354778,0.08120976632651503,0.04628429894005336,0.043812659221496526,0.048494610359390934,11.502873257319697,19.445963545205508,14.674230697956622
elastic,0.7,mixed|d0200e0600h0200,0.28,30,2991.1,-1.6891857604535938,-1.7003221838885032,-1.6777563484917066,-1.5214051306987495,-1.530379548132225,-1.5110836101366854,-1.822605001744848,-1.654824371990004,0.11118270107604537,0.07796357351794962,0.07527732450663178,0.08069464158907219,10.42235170423992,19.77891576791279,13.877622440119303
elastic,0.7,mixed|d0200e0600h0200,0.5,29,2991.551724137931,-1.7365415961377122,-1.7456084114686485,-1.7276418688593476,-1.5832587151978736,-1.5949315232629726,-1.5709197565030144,-1.8960796842397318,-1.7427968032998935,0.13294840675168287,0.1761646448344937,0.1697415273459602,0.1819504720511839,10.995054462926934,20.758242159327132,10.968953803107484
elastic,0.7,mixed|d0340e0330h0330,0.0,30,2991.0333333333333,-1.777586240797677,-1.7895558176017667,-1.7651298785522287,-1.7095775596292693,-1.7204361430568762,-1.6989616102919232,-1.777586240797677,-1.7095775596292693,0.0,0.03372175607799544,0.031038234582165296,0.03628882372605833,19.29026547882154,19.124258377257334,13.684653100956872
elastic,0.7,mixed|d0340e0330h0330,0.17,30,2991.0666666666666,-1.682017839034102,-1.6900502237167752,-1.673421064337947,-1.5556300517314436,-1.5658268321999862,-1.5473112147219976,-1.7754083976907387,-1.6490206103880807,0.07782546554719727,0.05148653106992266,0.049133615615099595,0.05381601840644439,12.34555521109484,19.40695410795326,11.715973847855354
elastic,0.7,mixed|d0340e0330h0330,0.28,30,2990.733333333333,-1.6975248514622847,-1.708948295112835,-1.6866371829536264,-1.5648522971659857,-1.5750113516225757,-1.554439835990344,-1.8194505073886065,-1.6867779530923077,0.10160471327193486,0.09245191902298318,0.08899348994949238,0.09587838813494157,10.686665044035465,19.94829027065961,10.916090168798307
elastic,0.7,mixed|d0340e0330h0330,0.5,30,2990.8333333333335,-1.7469237132277742,-1.759566287460205,-1.7349367929530803,-1.6139072429040047,-1.6250497190324584,-1.6028419874865067,-1.8944846973742788,-1.761468227050509,0.1229674867887538,0.18822636631925838,0.1845449494193904,0.191976606664227,11.471499076216862,20.86559206435034,8.551214725710151
elastic,0.7,mixed|d0600e0200h0200,0.0,30,2992.0666666666666,-1.738812767224772,-1.7503379621830342,-1.7259104469189566,-1.6527437509506449,-1.6656530278734405,-1.6405133606696936,-1.738812767224772,-1.6527437509506449,0.0,0.027325119508838314,0.025017369832871172,0.02942236395425511,18.733832631236016,18.978455261092165,18.08208611307649
elastic,0.7,mixed|d0600e0200h0200,0.17,30,2990.7,-1.7061221116496803,-1.716089599698324,-1.6956508433259463,-1.5424760387843794,-1.5519177064391492,-1.5320481539091502,-1.7905918456233036,-1.6269457727580032,0.0703914449780198,0.04785913248418862,0.045514508177651375,0.05032349701552023,12.038287220581264,19.484324942285525,16.401200029614042
elastic,0.7,mixed|d0600e0200h0200,0.28,30,2991.0666666666666,-1.7052914911504118,-1.716918227304713,-1.694091655150858,-1.546634026058528,-1.5574636907118415,-1.5354935062923754,-1.8197971840251799,-1.661139718933296,0.09542141072897334,0.09449182789915442,0.0897788109035711,0.09845687636189084,11.37780512292867,19.806375893887484,13.822727009045565
elastic,0.7,mixed|d0600e0200h0200,0.5,30,2990.6666666666665,-1.7605873154288356,-1.7763031267317708,-1.7468394668669753,-1.5763157171197941,-1.5925959877465021,-1.5593490969915225,-1.907705242883529,-1.7234336445744873,0.12259827287891101,0.17740334850293132,0.17247455569187092,0.18264541754098712,11.663407539594305,20.61912475205056,11.00494800413488
elastic,1.0,davis_threshold,0.0,30,2991.9,-1.720502774180045,-1.7338099994742397,-1.7074377377035719,-1.6142053315436196,-1.6323361689518217,-1.597895977735278,-1.720502774180045,-1.6142053315436196,0.0,0.020082642013891074,0.017832949567644876,0.02241291523497088,18.46886632231422,19.130925936700553,26.27887917776909
elastic,1.0,davis_threshold,0.17,30,2991.3333333333335,-1.6931445762052004,-1.7053827315639818,-1.680896798650664,-1.5217576330116358,-1.533815360709279,-1.5103123943531669,-1.7725239943345534,-1.6011370511409888,0.06614951510779418,0.048131141894068356,0.04434057374741207,0.05175344938904332,11.665196443655788,19.408425672225533,21.566420370835523
elastic,1.0,davis_threshold,0.28,30,2991.4333333333334,-1.7231289492461,-1.734163820438276,-1.712274909608343,-1.5267378423893838,-1.5410908000470274,-1.5114574900894773,-1.8337879124150784,-1.6373968055583612,0.09221580264081487,0.09023522180142036,0.08559471660743563,0.09510915452167967,11.905542738940403,19.788115278662154,18.611083658086603
elastic,1.0,davis_threshold,0.5,30,2989.0,-1.763952322877517,-1.7772337772652933,-1.750904722456102,-1.5142656499204021,-1.5286872352541576,-1.4982993879414717,-1.9204730153475802,-1.6707863423904656,0.13043391039171975,0.154623843300978,0.14804645995428242,0.16171618602766402,11.43736942312429,20.545229444637986,14.167594147187469
elastic,1.0,ema,0.0,30,2988.5333333333333,-1.845908045725661,-1.8616814169234785,-1.8301216074152682,-1.3253167419182383,-1.3407248738669904,-1.3078107484094097,-1.845908045725661,-1.3253167419182383,0.0,0.03565839435585153,0.03172687617603289,0.039511248851992406,19.373878057103287,19.06174544626563,37.28781686681084
elastic,1.0,ema,0.17,30,2982.2,-1.8459759604705688,-1.8580923464011374,-1.8339875127964675,-1.2980751297431508,-1.314466344301701,-1.2817887931057392,-1.935033928189666,-1.3871330974622476,0.07421497309924738,0.06698400692149745,0.06349355191769569,0.07098204170384789,13.4733117577161,19.500258257330664,35.77048740519643
elastic,1.0,ema,0.28,30,2989.1666666666665,-1.8113395859923505,-1.8260242372292557,-1.7976567636854308,-1.3222406015541417,-1.3382004061682138,-1.3074228181669791,-1.946767367412803,-1.4576683829745947,0.11285648451704403,0.0860685915127673,0.08140214245681357,0.0910947483781452,10.933008926844497,19.801138492459625,35.99226703185502
elastic,1.0,ema,0.5,30,3006.5333333333333,-1.7581086282945753,-1.773343930709059,-1.7426031026671254,-1.4287768838839698,-1.441585253387668,-1.4141326535834366,-1.9484444979006217,-1.6191127534900163,0.15861322467170555,0.15976948606659996,0.15475222981920314,0.16466871615979378,9.212024467667101,20.97610455131324,25.462070980868184
elastic,1.0,mixed|d0200e0600h0200,0.0,30,2995.5,-1.7633923646817233,-1.776018961021713,-1.7490526781525093,-1.6672483227785846,-1.6795188436824058,-1.652591241607799,-1.7633923646817233,-1.6672483227785846,0.0,0.02806710252127848,0.02625258891083355,0.03004109678157031,18.72156848611116,19.01441387203933,16.431646422047372
elastic,1.0,mixed|d0200e0600h0200,0.17,30,2992.1,-1.6912853350574997,-1.7042467489239748,-1.6791196649610338,-1.535025096755358,-1.5446003406093962,-1.5248436008002435,-1.787441739978347,-1.6311815016762055,0.08013033743403943,0.04560765597090339,0.04285313532810429,0.048359770093716045,11.609351770196218,19.41001814360035,15.12037355448872
elastic,1.0,mixed|d0200e0600h0200,0.28,30,2990.6,-1.6727922444152579,-1.6847747669272823,-1.6594894107788405,-1.5258594261717537,-1.5359492938271058,-1.5154944322908277,-1.804929004156373,-1.6579961859128693,0.11011396645092933,0.07526939944685922,0.07258704539290431,0.07778025855395589,10.292247217699021,19.703653555880788,13.753254761342781
elastic,1.0,mixed|d0200e0600h0200,0.5,30,2990.5666666666666,-1.7223762603653618,-1.7344229161727869,-1.7105514874912027,-1.5802242569870308,-1.5896825254395346,-1.5703637538793471,-1.884637696164344,-1.742485692786013,0.13521786316581857,0.16913391969318514,0.16423740411193846,0.17479812403306294,10.856769249763477,20.769996359599315,11.359240740386737
elastic,1.0,mixed|d0340e0330h0330,0.0,30,2990.233333333333,-1.76882318814458,-1.7793474311843958,-1.7583391995220354,-1.700776716229226,-1.7121240065286842,-1.6889369546482227,-1.76882318814458,-1.700776716229226,0.0,0.032416599613695564,0.030106947556143668,0.0348699733050748,19.063784407574737,19.141378487586753,13.5027224782819
elastic,1.0,mixed|d0340e0330h0330,0.17,30,2990.866666666667,-1.6662444094134607,-1.6773806777397342,-1.655701713428098,-1.5498370284172578,-1.5604694633395617,-1.5399233077985222,-1.7597090599895087,-1.6433016789933055,0.07788720881337312,0.05084361778684512,0.047709204280250134,0.053886655843379545,12.418337934279068,19.35861455818256,11.736851079601346
elastic,1.0,mixed|d0340e0330h0330,0.28,30,2990.9333333333334,-1.6853517342066382,-1.6961367693677905,-1.675044460198692,-1.5622635118440467,-1.5744098425804842,-1.551419884810174,-1.8075435499348533,-1.6844553275722616,0.1018265131068459,0.09338215382178652,0.08998273872582396,0.09683644303044073,10.83731956686523,19.897684413516696,11.076982973251658
elastic,1.0,mixed|d0340e0330h0330,0.5,30,2990.7,-1.7411871977120594,-1.7500392281533954,-1.7325155371784016,-1.615097367733459,-1.6240777187113127,-1.6070623885902984,-1.8868393893398747,-1.760749559361274,0.1213768263565126,0.18750442965933958,0.18348852924123937,0.19123086700324426,11.373892870740004,20.82025437747832,8.866458814186785
elastic,1.0,mixed|d0600e0200h0200,0.0,30,2991.2,-1.7454420712540537,-1.7542280470490195,-1.7367012765128798,-1.662467193520699,-1.6743157448456465,-1.6508343169133264,-1.7454420712540537,-1.662467193520699,0.0,0.02578919705734865,0.02333109994774458,0.028381027574487405,18.876595000553987,19.184219013080487,18.26669841626886
elastic,1.0,mixed|d0600e0200h0200,0.17,30,2991.1,-1.687684037111976,-1.6972292336248216,-1.678859956522983,-1.5331368561059138,-1.544594812984558,-1.5212961160044773,-1.7733519577125383,-1.6188047767064764,0.07138993383380231,0.041431273023561,0.039415372779084086,0.043422300216099476,12.149417634711586,19.44523926590239,16.09806068533166
elastic,1.0,mixed|d0600e0200h0200,0.28,30,2990.6666666666665,-1.6971921178416316,-1.7065853099924995,-1.688109047542333,-1.5368289178279808,-1.5480409873386043,-1.5257194024668501,-1.8141214474330694,-1.653758247419419,0.09744110799286504,0.08765183954405832,0.0843566968500877,0.09074591687106483,11.231036203197338,19.77327085095952,14.323186801530408
elastic,1.0,mixed|d0600e0200h0200,0.5,30,2991.2,-1.7441456342976518,-1.7578013167889315,-1.7310543179014843,-1.5640848547153914,-1.5777820118070904,-1.5484858884853037,-1.8941316371163457,-1.7140708575340853,0.1249883356822446,0.1687379254882133,0.16340130778825443,0.17396975604356144,11.546075174696364,20.57016120754014,10.842841281634627
inelastic,,davis_threshold,0.0,30,2989.866666666667,-1.711022905620348,-1.7193590554095337,-1.7022953501236273,-1.5692245477831375,-1.581797076232213,-1.554975536395625,-1.711022905620348,-1.5692245477831375,0.0,0.0,0.0,0.0,nan,19.032331028090784,27.77142426029531
inelastic,,davis_threshold,0.17,30,2991.9,-1.7119297029429474,-1.7258840028817959,-1.6986087812963842,-1.550176461632738,-1.566646467637985,-1.5338196773874855,-1.797772282818454,-1.6360190415082438,0.07153548322958847,0.0,0.0,0.0,nan,19.155181768049207,22.247282454034174
inelastic,,davis_threshold,0.28,30,2991.3,-1.7342116245378774,-1.746167030271909,-1.7227067556459694,-1.5548445896219234,-1.5736871707323932,-1.5355635532300336,-1.8684412622125657,-1.6890742272966117,0.11185803139557343,0.0,0.0,0.0,nan,19.067281663948847,18.988197929864285
inelastic,,davis_threshold,0.5,30,2990.866666666667,-1.7687232992736208,-1.782309042852612,-1.7564447034465724,-1.5642395305683887,-1.584283996850532,-1.5428413565929235,-2.000964213346676,-1.7964804446414446,0.19353409506087954,0.0,0.0,0.0,nan,19.024664729393105,17.013762393372264
inelastic,,ema,0.0,30,2985.0333333333333,-1.8383008851546245,-1.8526318638201213,-1.824585135804525,-1.3296337055832153,-1.347168377546467,-1.3127447100600167,-1.8383008851546245,-1.3296337055832153,0.0,0.0,0.0,0.0,nan,19.117205396942612,36.85501561649165
inelastic,,ema,0.17,30,2991.9333333333334,-1.8384052378888043,-1.8504820617541027,-1.82771599001766,-1.3296849334462422,-1.344389981383939,-1.3138487101179515,-1.9343216775837113,-1.4256013731411492,0.07993036641242271,0.0,0.0,0.0,nan,19.178150988827422,32.97048658956399
inelastic,,ema,0.28,30,2980.9,-1.802701850565807,-1.8164855798611634,-1.7895794419025042,-1.3703773878818286,-1.3870751062519517,-1.3531543592969697,-1.9498594444117383,-1.5175349817277601,0.12263132820494273,0.0,0.0,0.0,nan,19.017784166419087,30.854906113935897
inelastic,,ema,0.5,30,2991.133333333333,-1.7380700982363761,-1.7541835625595192,-1.7216248692924538,-1.4860109799547037,-1.5009354893457647,-1.4725538871825565,-1.979061348490497,-1.7270022302088246,0.20082604187843411,0.0,0.0,0.0,nan,19.118756565870196,21.699380691074033
inelastic,,habit,0.0,30,2990.9,-1.7563108545060433,-1.7695291354539764,-1.7442217052962878,-1.7563108545060429,-1.76850945592444,-1.743695223016046,-1.7563108545060433,-1.7563108545060429,0.0,0.0,0.0,0.0,nan,19.026816779852044,0.0
inelastic,,habit,0.17,30,2990.8333333333335,-1.74381008119498,-1.7567260651780792,-1.7316123620028667,-1.7438100811949806,-1.7563842679147956,-1.7330398363861426,-1.8469757519627727,-1.8469757519627736,0.08597139230649403,0.0,0.0,0.0,nan,19.05535825041598,0.0
inelastic,,habit,0.28,30,2992.5,-1.7400190757309015,-1.7550716909134687,-1.7251836412713628,-1.7400190757309018,-1.7566299847334037,-1.724354841034892,-1.9093336645016252,-1.909333664501626,0.1410954906422699,0.0,0.0,0.0,nan,19.078659836750024,0.0
inelastic,,habit,0.5,30,2991.4333333333334,-1.733858009323765,-1.7430004210903811,-1.7237715239145914,-1.7338580093237648,-1.7431221892260647,-1.7238888172946232,-2.036909816618817,-2.036909816618817,0.2525431727458772,0.0,0.0,0.0,nan,19.048829832826844,0.0
inelastic,,mixed|d0200e0600h0200,0.0,30,2994.0333333333333,-1.781569641276367,-1.7931843691775358,-1.7701354152771271,-1.673913528475846,-1.6899620468173178,-1.659109719513255,-1.781569641276367,-1.673913528475846,0.0,0.0,0.0,0.0,nan,19.145846516986254,17.04199831410838
inelastic,,mixed|d0200e0600h0200,0.17,30,2990.9333333333334,-1.6936357148482464,-1.705852003671072,-1.6818899373064748,-1.5324450343548643,-1.5419006904205876,-1.523064299548992,-1.7919550192155935,-1.6307643387222115,0.0819327536394557,0.0,0.0,0.0,nan,19.006584164957403,15.017340732636212
inelastic,,mixed|d0200e0600h0200,0.28,30,2992.133333333333,-1.7044569026879086,-1.716285013758665,-1.6935661326794451,-1.5334852019788106,-1.5418218311493002,-1.5244672103712664,-1.8514717556472546,-1.6805000549381561,0.12251237746612112,0.0,0.0,0.0,nan,19.118518541917158,14.105402704172926
inelastic,,mixed|d0200e0600h0200,0.5,30,2990.5,-1.7245296076846222,-1.7352764148013848,-1.7144054407084763,-1.578023493264033,-1.5853136231926321,-1.5701286251175146,-1.9640817921415512,-1.817575677720962,0.19962682038077423,0.0,0.0,0.0,nan,19.049495295420062,10.443970858439561
inelastic,,mixed|d0340e0330h0330,0.0,30,2992.9666666666667,-1.7718869854236228,-1.7846472112356278,-1.7594702279666747,-1.703029167808527,-1.7162916243039288,-1.6910355829641452,-1.7718869854236228,-1.703029167808527,0.0,0.0,0.0,0.0,nan,19.091635767659117,14.314231552854501
inelastic,,mixed|d0340e0330h0330,0.17,30,2991.0333333333333,-1.6900060634233882,-1.69998202597556,-1.6779829268468596,-1.5600715905055507,-1.5699159498059874,-1.549400130257157,-1.785350553461354,-1.6554160805435165,0.0794537416983048,0.0,0.0,0.0,nan,19.05040028392815,11.903119693381363
inelastic,,mixed|d0340e0330h0330,0.28,30,2991.133333333333,-1.701111240711357,-1.7131455631887045,-1.6885541861479383,-1.5624611908640331,-1.5746451364481064,-1.5510179377191307,-1.8434959181854031,-1.7048458683380792,0.1186538978950386,0.0,0.0,0.0,nan,19.053665336053708,10.744136569264423
inelastic,,mixed|d0340e0330h0330,0.5,30,2991.633333333333,-1.745215933865442,-1.7547379639927156,-1.7351434276739275,-1.6091214201656903,-1.6183091713474722,-1.6000983240160906,-1.9843941984325224,-1.8482996847327706,0.19931522047256683,0.0,0.0,0.0,nan,19.18621470380341,8.386440752999611
inelastic,,mixed|d0600e0200h0200,0.0,30,2990.5666666666666,-1.749104459288127,-1.762762444590167,-1.734293724635639,-1.647992275563678,-1.6650342568736107,-1.6310685436663914,-1.749104459288127,-1.647992275563678,0.0,0.0,0.0,0.0,nan,19.09605790593523,20.232476580156263
inelastic,,mixed|d0600e0200h0200,0.17,30,2991.0333333333333,-1.7101653955799734,-1.7205489095178637,-1.7001169345320077,-1.5487135427935652,-1.5589916612201131,-1.5382632065279176,-1.7988508880514615,-1.6373990352650536,0.07390457705957343,0.0,0.0,0.0,nan,19.126090660972544,16.791650139258504
inelastic,,mixed|d0600e0200h0200,0.28,30,2991.6,-1.7145632028112756,-1.7282260259295983,-1.7012422306116848,-1.5552563872976597,-1.5669476049294218,-1.5424559857289772,-1.8524484698473673,-1.6931416543337514,0.1149043891967434,0.0,0.0,0.0,nan,19.036242297744593,13.917117100608666
inelastic,,mixed|d0600e0200h0200,0.5,30,2989.133333333333,-1.7607671974454016,-1.776658740790841,-1.7464864149634978,-1.5722362035399098,-1.5835934189546568,-1.5606149704523038,-1.9962345856049266,-1.8077035916994353,0.196222823466271,0.0,0.0,0.0,nan,19.148365152089713,11.30822877844892
elastic,0.5,mixed|d0000e0200h0800,0.0,34,2991.6470588235293,-1.7789146364734185,-1.7899686786666191,-1.76869627489253,-1.7590999585525755,-1.7700570427886053,-1.7481139351842516,-1.7789146364734185,-1.7590999585525755,0.0,0.051012805749840844,0.047652921329820824,0.054556553184763046,18.848473491232326,19.07835508350456,2.9972487655515967
elastic,0.5,mixed|d0000e0200h0800,0.17,33,2991.3636363636365,-1.6722924872760254,-1.681964043935603,-1.6625807706683264,-1.6431493149488887,-1.6525486610294364,-1.6333913528974733,-1.7695260767174315,-1.7403829043902947,0.08102799120117156,0.08284419898647695,0.07976794407393706,0.08586891284158396,12.10169080705865,19.52952496746292,2.8998333742003766
elastic,0.5,mixed|d0000e0200h0800,0.28,33,2990.969696969697,-1.680882754022762,-1.6900101732485493,-1.6731832545593905,-1.6588871235545604,-1.6667173855304982,-1.651232651373419,-1.8158348573582068,-1.793839226890005,0.11246008611287056,0.1439890971180492,0.1396728655951978,0.14823491538091862,10.316779836993268,20.523314391953356,2.6363569415601518
elastic,0.5,mixed|d0000e0200h0800,0.5,34,2991.0588235294117,-1.7289338847631708,-1.7364798716415557,-1.72167861071992,-1.712138883462098,-1.7190652553061743,-1.7048938730844028,-1.8783850546482903,-1.8615900533472176,0.12454264157093307,0.2717411453584695,0.26609165732491596,0.27702762406635795,10.746856235089462,22.191244546190397,2.06297500641297
elastic,0.5,mixed|d0000e0400h0600,0.0,38,2990.0,-1.7844427370933618,-1.7938292639984734,-1.774694164437753,-1.7253235046732862,-1.737236749389053,-1.715171523041798,-1.7844427370933618,-1.7253235046732862,0.0,0.04720971683509406,0.044656917844929166,0.049838518227814536,19.456177750163796,19.07715873094934,8.292367397182073
elastic,0.5,mixed|d0000e0400h0600,0.17,37,2990.945945945946,-1.7100655116077959,-1.7228519645163043,-1.6977246774691874,-1.6264466787515146,-1.636252230450652,-1.6160345783233323,-1.8063811258388298,-1.722762292982548,0.08026301185919459,0.08379496644639227,0.08045497556452672,0.08702956131764872,12.142456194748451,19.643762661053664,8.380281845718716
elastic,0.5,mixed|d0000e0400h0600,0.28,36,2990.8055555555557,-1.6833747684278346,-1.695022432332318,-1.6727386237374542,-1.6181635951492956,-1.6265694188399467,-1.610016156633948,-1.820275324113678,-1.755064150835139,0.11408379640486942,0.12591445396630327,0.1218327638181737,0.12950865396545497,10.773767264101853,20.286088057923042,6.774421219663371
elastic,0.5,mixed|d0000e0400h0600,0.5,38,2991.0526315789475,-1.7282737725039041,-1.7390981809202046,-1.718153462653885,-1.6770505087438619,-1.6866833117929612,-1.667930163562391,-1.8796618833623489,-1.828438619602307,0.12615675904870427,0.23412862432591267,0.2293363983033935,0.23888236498046142,10.959599411821255,21.55015394292924,4.871472055136133
elastic,0.5,mixed|d0000e0600h0400,0.0,37,2987.054054054054,-1.7747285269521718,-1.7863754640410194,-1.763234559168969,-1.5772561890629406,-1.5933844155961399,-1.5610433967999495,-1.7747285269521718,-1.5772561890629406,0.0,0.04258766753751044,0.03984632965973084,0.04547729530353694,19.162067341998853,18.97261842591182,21.28223776530643
elastic,0.5,mixed|d0000e0600h0400,0.17,34,2989.970588235294,-1.7658339544455461,-1.782987417894224,-1.75047509207882,-1.5244370345517808,-1.5357946968352048,-1.5121901802890283,-1.8563404299279276,-1.6149435100341625,0.07542206290198468,0.08545624959699495,0.082247759824651,0.08896040287180312,13.262054631975952,19.570030560909483,23.273495468209802
elastic,0.5,mixed|d0000e0600h0400,0.28,34,2990.5,-1.7325934372449983,-1.7447024105346547,-1.7208305501035774,-1.546085279372737,-1.5579447919569196,-1.5347273223943942,-1.8686160053235141,-1.6821078474512536,0.11335214006543018,0.11423067768307514,0.10932241909706042,0.11889079173555715,11.261016257396854,20.039391442708993,17.409179291962545
elastic,0.5,mixed|d0000e0600h0400,0.5,32,2992.46875,-1.742912754883415,-1.7546234908582783,-1.7312636253331184,-1.6274605602112295,-1.637099004319614,-1.6179466320935585,-1.8986093381769016,-1.7831571435047162,0.12974715274457227,0.2175004996262095,0.21164654959260265,0.2231964356736597,11.218742907536559,21.186473090096534,9.406446257234748
elastic,0.5,mixed|d0000e0800h0200,0.0,34,2988.6470588235293,-1.819363502767228,-1.8311633030170147,-1.8050194540494733,-1.409628085918417,-1.4230012808024433,-1.3962333137525629,-1.819363502767228,-1.409628085918417,0.0,0.04817425019734745,0.04600044687744164,0.050777640965738384,18.913045904973796,19.081239881626733,37.214337752999505
elastic,0.5,mixed|d0000e0800h0200,0.17,36,2990.6111111111113,-1.8126039662636064,-1.825288724904479,-1.7985600749681672,-1.3903301025388848,-1.4021907850130704,-1.3778147395676958,-1.9012007267577944,-1.4789268630330714,0.07383063374515637,0.08351389851907957,0.08093270073765194,0.08612129983328419,13.71566223902607,19.5238085517092,36.95897502953165
elastic,0.5,mixed|d0000e0800h0200,0.28,33,2988.6060606060605,-1.7948828743913348,-1.8082372279730534,-1.7826181926331035,-1.4094033938504036,-1.4220369153031986,-1.3973192671060064,-1.9317749609557657,-1.5462954804148348,0.1140767388036926,0.10945695725891122,0.10606835686904584,0.11310407226062366,11.663707779745168,19.950306340299214,34.21245959924313
elastic,0.5,mixed|d0000e0800h0200,0.5,33,2998.151515151515,-1.7500517208121182,-1.7624717304898412,-1.7370094708039168,-1.5257428655627654,-1.5380103323633303,-1.5145385375055667,-1.9251668004945763,-1.7008579452452233,0.14592923306871491,0.19404464780943495,0.18813110704438846,0.19991013520292863,10.692342346376073,21.04971120827369,17.80337810207179
elastic,0.5,mixed|d0200e0000h0800,0.0,33,2990.5151515151515,-1.7224613817561427,-1.7346247549891693,-1.710453174057149,-1.695074215932278,-1.70548198591369,-1.68389432115597,-1.7224613817561427,-1.695074215932278,0.0,0.0409898571374445,0.03800521575176499,0.044395373819419784,18.89619817759131,19.024305791816047,5.374133564149747
elastic,0.5,mixed|d0200e0000h0800,0.17,33,2991.060606060606,-1.6876831320294856,-1.698304044641611,-1.6784772329199538,-1.6470021478172363,-1.6559631524394398,-1.6380284466233155,-1.7774593179209388,-1.7367783337086895,0.07481348824287766,0.08402800561166739,0.08081719907196336,0.08765716340942017,13.020162349366704,19.558823165246338,4.28304844563422
elastic,0.5,mixed|d0200e0000h0800,0.28,39,2991.0,-1.6936438333781514,-1.7020456941122466,-1.6846396230441656,-1.6537502353104794,-1.6628363692319736,-1.6451299005713593,-1.8160710123509676,-1.7761774142832951,0.10202264914401325,0.1518401357919914,0.14628458023643579,0.15750692247683223,10.694732091745832,20.470311981486404,3.520266385325575
elastic,0.5,mixed|d0200e0000h0800,0.5,34,2991.029411764706,-1.7454509940256402,-1.7547738018359402,-1.7353845832785622,-1.6986710371764133,-1.7077539675770965,-1.6890242298234877,-1.8877412140092773,-1.8409612571600509,0.11857518331969799,0.27083907497368903,0.2659611186500679,0.276015808908323,10.793644663927669,22.149829236813442,2.6687923829983937
elastic,0.5,mixed|d0200e0200h0600,0.0,34,2991.029411764706,-1.785471098365372,-1.7989384944986468,-1.7720048465770408,-1.7426486976587359,-1.7573214178086713,-1.7291004873965843,-1.785471098365372,-1.7426486976587359,0.0,0.04152767287607377,0.038834532822655636,0.04435757134715493,19.082299121709347,19.180387169140044,7.483322418495694
elastic,0.5,mixed|d0200e0200h0600,0.17,39,2990.974358974359,-1.6892575722468848,-1.6973939086958496,-1.6807790532895108,-1.6223257554518964,-1.6295833194637213,-1.615338570844763,-1.7842183247328434,-1.717286507937855,0.0791339604049653,0.06930245786918479,0.06652264869594335,0.0722063632920585,12.697905736144095,19.556026676376717,6.529545138444699
elastic,0.5,mixed|d0200e0200h0600,0.28,37,2991.027027027027,-1.6956301432910514,-1.7057368551431265,-1.6863879240158508,-1.6288492786093731,-1.6376246611894425,-1.6197628908475346,-1.8202137850966535,-1.7534329204149746,0.1038197015046682,0.12569114519450822,0.12269191854058586,0.12871773728590502,10.570315829157186,20.33900131673614,5.8579823001831155
elastic,0.5,mixed|d0200e0200h0600,0.5,35,2991.0857142857144,-1.7425662493416936,-1.7523466703856683,-1.7328963460714644,-1.6691723245272942,-1.6793899934298253,-1.6595861479372784,-1.8843821579894808,-1.8109882331750815,0.11817992387315587,0.23175532897001913,0.22853893008350368,0.2353455604909968,11.026853244814992,21.474148700380827,4.825595161706705
elastic,0.5,mixed|d0200e0400h0400,0.0,35,2989.657142857143,-1.7850565275329542,-1.796048927907135,-1.7734477658537504,-1.7142424081828136,-1.725901942996168,-1.7012881594300757,-1.7850565275329542,-1.7142424081828136,0.0,0.037582126204594724,0.0349792332247721,0.04074876143282784,19.41418088629232,19.027374246465463,11.384854624174832
elastic,0.5,mixed|d0200e0400h0400,0.17,42,2991.095238095238,-1.6752628993661975,-1.6832057706085928,-1.6678228539825652,-1.5735582362243665,-1.5814078390836046,-1.5657852290086915,-1.7726461310305541,-1.6709414678887236,0.08115269305363067,0.057911080561698206,0.05495027574725584,0.0612783101002037,12.203468162663322,19.396717581939377,9.425980459539423
elastic,0.5,mixed|d0200e0400h0400,0.28,41,2991.268292682927,-1.681756318099257,-1.6933133443303856,-1.670129374342537,-1.576016300094229,-1.586397850088925,-1.5649382581918678,-1.8105789394257397,-1.7048389214207114,0.10735218443873548,0.1006669412176473,0.09774977339246604,0.10347796515162812,10.67203472489544,19.948715580095676,9.123661814594637
elastic,0.5,mixed|d0200e0400h0400,0.5,34,2991.176470588235,-1.7374422232495734,-1.746435293359585,-1.7279959342981357,-1.6335152950791656,-1.642677325365835,-1.62382878076328,-1.885731311902512,-1.781804383732104,0.12357424054411555,0.20205370378216936,0.19826639816383682,0.20553596155099013,11.173517959472601,21.051269414193275,7.116868340126157
elastic,0.5,mixed|d0200e0600h0200,0.0,32,2994.0,-1.7784972275527786,-1.7927115420598456,-1.7632373340845466,-1.651041122284417,-1.667306240348022,-1.6371428152059337,-1.7784972275527786,-1.651041122284417,0.0,0.030690798528117187,0.028236969591359885,0.0333918808765664,19.19516540859208,19.07189961089584,18.306178008065093
elastic,0.5,mixed|d0200e0600h0200,0.17,36,2990.5,-1.70477461226193,-1.7163354279696934,-1.6938527862904613,-1.537878225173368,-1.5461852924005706,-1.5289808674563081,-1.8010067518760746,-1.6341103647875126,0.08019344967845389,0.04887709517317187,0.046796281802172976,0.05082438843374316,11.841103289188665,19.43149337981571,15.480513441689494
elastic,0.5,mixed|d0200e0600h0200,0.28,38,2990.7631578947367,-1.6979503309345692,-1.7062431151734745,-1.6898059895563755,-1.533338360748064,-1.5414728441509966,-1.5253962478984044,-1.831086899761744,-1.666474929575238,0.110947140689312,0.07855847188042302,0.07619575539415427,0.081035452319619,10.649802153981184,19.843110918373522,13.751616883311215
elastic,0.5,mixed|d0200e0600h0200,0.5,32,2991.1875,-1.7354081608574394,-1.745938577937271,-1.7253396347601433,-1.5822237068874125,-1.592571922293657,-1.5718586724027044,-1.8938434650110252,-1.7406590110409983,0.1320294201279883,0.17357937946394777,0.16907305325474084,0.17776060774163965,11.104237200721709,20.66415523702641,10.727683091477514
elastic,0.5,mixed|d0200e0800h0000,0.0,33,2991.7272727272725,-1.8142004814004815,-1.8247637602868658,-1.802969681322974,-1.5048856148738474,-1.5225232706473486,-1.486747045990189,-1.8142004814004815,-1.5048856148738474,0.0,0.017509400199147804,0.015381405295818036,0.01988002190866854,20.26011964791335,19.0834407457733,31.850157027187944
elastic,0.5,mixed|d0200e0800h0000,0.17,33,2991.151515151515,-1.764610311596818,-1.7811622397172742,-1.7482359145033812,-1.4439017957923677,-1.456793052888645,-1.4306449902447316,-1.8571517619004363,-1.5364432460959863,0.07711787525301542,0.03655048995751457,0.03445007252922651,0.038718442266390714,10.544200625179979,19.37716834435293,28.794636822486055
elastic,0.5,mixed|d0200e0800h0000,0.28,36,2992.1944444444443,-1.7284124438203654,-1.7388613499538073,-1.7172190939915206,-1.4479086225437166,-1.4598684776040283,-1.436605147571188,-1.8665388015766977,-1.586034980300048,0.11510529813027645,0.06547375117185378,0.0630129321937399,0.06788576161480837,9.297410637239958,19.696912902658774,23.87030186388723
elastic,0.5,mixed|d0200e0800h0000,0.5,39,2998.153846153846,-1.7395836979710508,-1.7518219117361542,-1.7270861740535914,-1.5234189785771235,-1.533416235885559,-1.5132192403287903,-1.91444179473539,-1.6982770753414633,0.14571508063694977,0.14822986389617723,0.14435984969227458,0.15195490022424155,10.200577918543953,20.653914797118478,14.993824448978566
elastic,0.5,mixed|d0400e0000h0600,0.0,38,2991.0526315789475,-1.7340050685939479,-1.7430011056539498,-1.7246893589340129,-1.6858086592648642,-1.6961668925234328,-1.6772047179422582,-1.7340050685939479,-1.6858086592648642,0.0,0.03806125343910431,0.035179390107365184,0.040617607944882,18.824298053547192,19.038118123839194,10.292932371629979
elastic,0.5,mixed|d0400e0000h0600,0.17,34,2991.0,-1.699583060824572,-1.7083997370466066,-1.6909249029092976,-1.619517187748779,-1.628740224647068,-1.6091979189550794,-1.7844937930211615,-1.704427919945369,0.07075894349715815,0.07269848761972192,0.06959088048459103,0.07580634059039865,12.94251410622829,19.570881133420876,8.795923629026886
elastic,0.5,mixed|d0400e0000h0600,0.28,39,2990.974358974359,-1.7150119714263412,-1.725792632441649,-1.7044762421330413,-1.616877790965305,-1.627515584480502,-1.6065962100697109,-1.8278916116884407,-1.7297574312274053,0.09406636688508341,0.13051200179650554,0.127420595075668,0.13377195745046994,11.016537931986992,20.244765947226412,7.634594422517874
elastic,0.5,mixed|d0400e0000h0600,0.5,36,2991.0833333333335,-1.7527283160019107,-1.762156987264393,-1.7429566403620278,-1.6483941598336824,-1.6570936123178792,-1.6395083201496732,-1.8870210122426438,-1.7826868560744158,0.11191058020061079,0.2333513087061952,0.22918942899461653,0.2374739012535364,11.196564156525906,21.35054343838057,5.678715592061212
elastic,0.5,mixed|d0400e0200h0400,0.0,37,2991.7297297297296,-1.7607345820927283,-1.7719037014347356,-1.749368353789019,-1.6978093283813216,-1.7088561098695747,-1.686284358746541,-1.7607345820927283,-1.6978093283813216,0.0,0.03374197193198969,0.031732457372728284,0.03581953762308911,18.788934611533957,19.003235089226138,12.181773600115385
elastic,0.5,mixed|d0400e0200h0400,0.17,37,2991.0,-1.6854447035517417,-1.6966745815718842,-1.675463630812499,-1.5730960328724857,-1.5820439542501816,-1.563020506867223,-1.7746931279300577,-1.6623444572508017,0.07437368698193024,0.05855405386909553,0.0561507620776372,0.06120995472730095,12.269626853639544,19.419676594939062,11.138254258355188
elastic,0.5,mixed|d0400e0200h0400,0.28,32,2991.09375,-1.7023506113714524,-1.7129122215806476,-1.691463395940818,-1.5759744151656592,-1.5862887293637584,-1.5665018832470443,-1.8202557860933521,-1.693879589887559,0.09825431226824978,0.10709847033714556,0.10365779339140328,0.11043279741950533,10.835423329600143,19.989224646930857,10.027632752290298
elastic,0.5,mixed|d0400e0200h0400,0.5,33,2990.848484848485,-1.750787374138957,-1.7586535206833969,-1.7420720382886814,-1.6213681532212616,-1.6286899270918993,-1.6133709985904083,-1.8927748412998637,-1.763355620382168,0.11832288930075543,0.19948805190197105,0.19511240916622535,0.203716179722294,11.525814464906643,20.915830058145552,7.634842079065299
elastic,0.5,mixed|d0400e0400h0200,0.0,32,2990.75,-1.7884557337068365,-1.7956565431635878,-1.7812765967478235,-1.6975021704707207,-1.7065525537270332,-1.689491286081294,-1.7884557337068365,-1.6975021704707207,0.0,0.029948555602961426,0.028015466455350874,0.03194060098172157,19.22346571470402,19.137599612778835,15.947592646807822
elastic,0.5,mixed|d0400e0400h0200,0.17,36,2991.1111111111113,-1.6839615438351425,-1.6924893498669915,-1.6754759243327801,-1.534556640974948,-1.5419977749112355,-1.526849672697766,-1.7776295172048102,-1.6282246143446157,0.078056644474723,0.04233847894377262,0.0404147051468449,0.044106754537592156,12.191412737574886,19.352351754622298,13.556600277607146
elastic,0.5,mixed|d0400e0400h0200,0.28,38,2991.1315789473683,-1.6910284799812876,-1.6995818477386024,-1.6827032423858599,-1.5357230716823111,-1.544368335027326,-1.5270438749211808,-1.8152849729387632,-1.659979564639787,0.10354707746456286,0.08153039106191814,0.07954890097474972,0.08356527693887854,10.698739795388308,19.77141770833781,12.540336705552356
elastic,0.5,mixed|d0400e0400h0200,0.5,33,2991.0,-1.755736220826204,-1.7653568497219294,-1.7453093604192682,-1.5983744739985455,-1.6094971232625988,-1.5864818136286434,-1.9056954598325009,-1.7483337130048424,0.1249660325052475,0.17431996581485695,0.17039335971811526,0.1784974874502127,11.435235041674247,20.697833064580564,9.572294746118665
elastic,0.5,mixed|d0400e0600h0000,0.0,36,2991.6388888888887,-1.7888576303861703,-1.800174006468239,-1.777903787019606,-1.664988587639506,-1.6773681300489882,-1.6521534085618585,-1.7888576303861703,-1.664988587639506,0.0,0.025202565731579935,0.02329701765911784,0.0270834952870563,19.129582858637203,19.064538429739027,20.58969280472398
elastic,0.5,mixed|d0400e0600h0000,0.17,37,2991.054054054054,-1.6911811530919687,-1.7016319341887034,-1.681373475318949,-1.4874607213225168,-1.4972931746577474,-1.4776106832617175,-1.7864739771009033,-1.5827535453314512,0.07941068667411186,0.028715936864686327,0.026673592824510928,0.030720058527490105,10.732268256933555,19.27353625096584,17.47537144330247
elastic,0.5,mixed|d0400e0600h0000,0.28,35,2990.885714285714,-1.6996955310897817,-1.7092674249771067,-1.690377263457243,-1.4919702109836936,-1.5011527534035694,-1.4832855940957828,-1.8281306893904252,-1.6204053692843374,0.10702929858386977,0.057832912382669334,0.054418989297175424,0.06113621317074975,10.028348021805657,19.661304285364956,15.87063359906781
elastic,0.5,mixed|d0400e0600h0000,0.5,35,2990.5714285714284,-1.736607131758572,-1.7477090083454796,-1.7258411229854065,-1.5396312511528174,-1.5504919323983961,-1.5265764148753815,-1.9040699680970512,-1.7070940874912968,0.13955236361539952,0.14051071801557402,0.13632809798601106,0.14456239981189245,10.802455865102015,20.443476775592657,12.088144075844937
elastic,0.5,mixed|d0600e0000h0400,0.0,35,2991.6285714285714,-1.7388279021813275,-1.751232997647307,-1.7269625639068238,-1.6720453214404953,-1.6856269210323855,-1.6595336830049345,-1.7388279021813275,-1.6720453214404953,0.0,0.03491100021535667,0.03178495576969639,0.0382458690684954,18.867070972136354,19.02836098023132,14.754758232575702
elastic,0.5,mixed|d0600e0000h0400,0.17,36,2990.8611111111113,-1.69212953758616,-1.7019094552850706,-1.682904217073921,-1.569374839534457,-1.5805349191656552,-1.5584280294933202,-1.7745812141610127,-1.6518265161093095,0.06870973047904393,0.06322056049064509,0.06086940804826077,0.06552024089458072,12.806620050311878,19.378484365363605,13.353577788508975
elastic,0.5,mixed|d0600e0000h0400,0.28,36,2990.75,-1.721466846881881,-1.7314054747354393,-1.7116276418092566,-1.5826567356155665,-1.5912133057499804,-1.5744802578756005,-1.8310138580806508,-1.6922037468143358,0.09128917599897442,0.11629347510768222,0.11310207893835092,0.11986453070448003,11.381828212252993,20.038854251603794,11.221790110694778
elastic,0.5,mixed|d0600e0000h0400,0.5,37,2991.2162162162163,-1.762936401261089,-1.7748964945978758,-1.7520311834451392,-1.6006157869978603,-1.6104752579447688,-1.5898907694928874,-1.9005603632375374,-1.7382397489743089,0.11468663498037351,0.20327945813928977,0.19893971822509246,0.20745266885945987,11.726355083985274,20.854162510961864,8.57243313013385
elastic,0.5,mixed|d0600e0200h0200,0.0,36,2990.5,-1.756823939149195,-1.7670141230834595,-1.7469551950207762,-1.6686688621764183,-1.6807435632378576,-1.6579913883787776,-1.756823939149195,-1.6686688621764183,0.0,0.02957303783060058,0.027467022689649,0.031704697348963716,19.051368884727616,19.081022368465582,17.3453567598948
elastic,0.5,mixed|d0600e0200h0200,0.17,39,2990.846153846154,-1.6959593126757677,-1.7057918874615667,-1.6858274415493784,-1.5323847440250113,-1.543032938702784,-1.5219520686449266,-1.7823318965022172,-1.6187573278514606,0.07197715318870784,0.04938987972841972,0.046880098163525494,0.05171626117682511,12.073241647820364,19.40366357822791,16.272053544492344
elastic,0.5,mixed|d0600e0200h0200,0.28,38,2990.8947368421054,-1.7096050483556688,-1.718594415885363,-1.7009617633459788,-1.5445805646447819,-1.554072992911323,-1.5355793822411679,-1.826021394350791,-1.6609969106399045,0.09701362166260204,0.09199381392233258,0.0881921685045287,0.09571568642853377,11.146263449313455,19.800149778368166,13.463480841548357
elastic,0.5,mixed|d0600e0200h0200,0.5,35,2990.4,-1.7516798792019042,-1.7634602308144223,-1.73927565088838,-1.5666372721243784,-1.5821885363495547,-1.5508619402394657,-1.9007392302446042,-1.7156966231670783,0.12421612586891673,0.17452144576309953,0.169327133331108,0.17994834674873417,11.740745144398945,20.53636320187873,10.572099685159543
elastic,0.5,mixed|d0600e0400h0000,0.0,34,2991.6470588235293,-1.779614623361515,-1.7883150283217573,-1.7705082509142454,-1.6585469980820908,-1.6716690600528403,-1.6463198464703765,-1.779614623361515,-1.6585469980820908,0.0,0.02564707192747419,0.022779971127017434,0.028255465350244736,18.950820253407958,19.05614156200878,20.7845903764227
elastic,0.5,mixed|d0600e0400h0000,0.17,34,2991.794117647059,-1.6871661825936766,-1.6973581744549717,-1.6762352775074931,-1.4864771983421583,-1.4972779504715947,-1.4749895581752566,-1.7764258939044433,-1.5757369096529252,0.07438309275897252,0.0332286684038601,0.031146055155611026,0.035589873604084325,11.084570346843519,19.317769930587033,18.037342902055702
elastic,0.5,mixed|d0600e0400h0000,0.28,33,2990.4545454545455,-1.7085900210345049,-1.718349227451945,-1.697593053245644,-1.5023055939652403,-1.5109440191605745,-1.4934684910287153,-1.8316700235057244,-1.62538559643646,0.10256666872601632,0.06609609847758638,0.06338735947080235,0.06882477045369866,10.798340259256248,19.67032337138521,16.41847094968021
elastic,0.5,mixed|d0600e0400h0000,0.5,32,2991.53125,-1.7509610400141513,-1.7636813880785422,-1.7380571839040841,-1.5363895080250582,-1.5514021684505337,-1.5207578616163613,-1.9110329011599088,-1.696461369170816,0.13339321762146472,0.14603694328138372,0.1414764198302793,0.15104678620064751,11.35247372714214,20.375746355605166,12.204356081819455
elastic,0.5,mixed|d0800e0000h0200,0.0,37,2990.837837837838,-1.740275300399271,-1.7508670988089714,-1.73007371664443,-1.649054904531362,-1.6606076775318737,-1.6375429638683467,-1.740275300399271,-1.649054904531362,0.0,0.02814003877584671,0.025789784656834673,0.03043506230052107,19.306854894623726,19.01277163796191,19.677707141782946
elastic,0.5,mixed|d0800e0000h0200,0.17,36,2990.8611111111113,-1.7021294657453312,-1.7148668522407846,-1.6886752064288069,-1.5470831316965497,-1.5590364241108177,-1.5349219431367236,-1.7828607268446761,-1.6278143927958943,0.06727605091612057,0.05884710375615977,0.05634868096575798,0.061478307134448046,12.385622902807178,19.411459122142038,17.40817634057983
elastic,0.5,mixed|d0800e0000h0200,0.28,36,2991.027777777778,-1.7219588061447548,-1.7337486469654395,-1.7092331687035256,-1.5552088369571837,-1.567568599915608,-1.5414787956802813,-1.8312416914370848,-1.6644917222495137,0.09106907107694148,0.1054364856026725,0.1011244065013789,0.10972911067558912,11.773018678353122,19.851827789993315,14.403135387935638
elastic,0.5,mixed|d0800e0000h0200,0.5,39,2992.923076923077,-1.7589581024398455,-1.770993093008393,-1.7460803520580859,-1.5542734529265183,-1.5680271780817727,-1.5401353763485108,-1.9023286052745516,-1.6976439557612248,0.11947541902892223,0.18278565577232025,0.17848697550926254,0.18704224593419203,11.980739510124979,20.496747605244284,11.032502595761066
elastic,0.5,mixed|d0800e0200h0000,0.0,41,2992.731707317073,-1.7552573195797203,-1.7666350154480472,-1.744540441429866,-1.63409537256078,-1.6487555818847544,-1.6206402980206647,-1.7552573195797203,-1.63409537256078,0.0,0.02317048444794039,0.020876145063815722,0.02568827691170366,18.979157513310142,19.060354796699325,22.888909482948762
elastic,0.5,mixed|d0800e0200h0000,0.17,37,2990.837837837838,-1.7008212666708444,-1.7116862305447067,-1.69003353250684,-1.5048128099100924,-1.515601677586541,-1.4936595681672507,-1.7843800175919575,-1.588371560831206,0.06963229243426121,0.042327065939216424,0.039835978787196205,0.04487872026444515,11.663370375366357,19.364322153172342,19.638526839623168
elastic,0.5,mixed|d0800e0200h0000,0.28,38,2990.5526315789475,-1.716069002778503,-1.7263320591434752,-1.705373704101869,-1.5188348467330817,-1.53301189080214,-1.5065250321138994,-1.8320688238207414,-1.6348346677753198,0.09666651753519867,0.07906363141640373,0.07482245590984314,0.08305169824508223,11.576470930112498,19.70985145011665,16.590638186217813
elastic,0.5,mixed|d0800e0200h0000,0.5,35,2990.8285714285716,-1.7578039614510428,-1.7676045112895136,-1.748283802239954,-1.5266358772823843,-1.536817059363333,-1.516305600414515,-1.913979726142416,-1.6828116419737573,0.1301464705761444,0.1544069229503733,0.15024586055504743,0.15890350022117056,11.537508999829242,20.33100307833517,12.94175334632961
elastic,0.5,mixed|d0000e0100h0900,0.0,32,2992.40625,-1.7673714443245623,-1.779654939734578,-1.7563464640509894,-1.7578174548062793,-1.7692613420842989,-1.7466022005808135,-1.7673714443245623,-1.7578174548062793,0.0,0.050407427455683024,0.04747487894200742,0.05311913002650396,19.08359897391357,19.085944874077327,1.1509569064228617
elastic,0.5,mixed|d0000e0100h0900,0.17,27,2990.925925925926,-1.6843905126696155,-1.695434869394374,-1.6726437656573354,-1.67084623383254,-1.6811362049708125,-1.660506615463407,-1.781061447675536,-1.7675171688384606,0.08055911250493378,0.09076729062019932,0.08695859592103743,0.09455894786378716,12.373335271150765,19.69259480464934,1.3425219202434724
elastic,0.5,mixed|d0000e0100h0900,0.28,26,2991.153846153846,-1.6743159400064929,-1.6832810272727654,-1.6653537547778192,-1.6635890635924377,-1.672949200935979,-1.654510316502506,-1.8086338100457726,-1.7979069336317175,0.11193155836606618,0.1551751972953521,0.14995428193167662,0.16087726682493358,10.508744198950406,20.516414913817435,1.3083989326430476
elastic,0.5,mixed|d0000e0100h0900,0.5,30,2991.0,-1.7279161125784555,-1.7382569137656112,-1.7182602025121705,-1.7221437552358865,-1.7326657660474583,-1.7117800933575338,-1.878454394089656,-1.8726820367470867,0.1254485679260002,0.30076897358742893,0.29531845536609824,0.3064242728184554,10.66585034633336,22.653961427650263,1.0331196356697296
elastic,0.5,mixed|d0000e0300h0700,0.0,37,2991.2162162162163,-1.7769443752396474,-1.7877641922573753,-1.766768541963023,-1.7419925140760693,-1.753581180458917,-1.7302290504179136,-1.7769443752396474,-1.7419925140760693,0.0,0.051067294683704856,0.048177436453720336,0.05408322200953201,19.312856423750638,19.041781820283376,5.461320461240577
elastic,0.5,mixed|d0000e0300h0700,0.17,30,2991.266666666667,-1.700474530312742,-1.7133811298195716,-1.6878934739829379,-1.6533030543205245,-1.665340606825227,-1.6415580758012216,-1.7984035158308336,-1.751232039838616,0.08160748793174308,0.08432281823502906,0.08060757064039342,0.08817801565654944,12.27441069665881,19.74053837268402,4.971281972217465
elastic,0.5,mixed|d0000e0300h0700,0.28,35,2991.0285714285715,-1.684402669073568,-1.6947705909386386,-1.6733775381014648,-1.643003288414085,-1.6532671652787458,-1.6333329250036759,-1.8217190138297616,-1.7803196331702789,0.1144302872968281,0.13335102072195704,0.1282772633535953,0.13859714935486367,10.416870909763519,20.462002164550494,4.368132002985026
elastic,0.5,mixed|d0000e0300h0700,0.5,35,2990.885714285714,-1.7371930088471441,-1.7477224891482115,-1.7264964505045977,-1.7065916189839883,-1.716730644635372,-1.6961761088800502,-1.8861423670943505,-1.8555409772311944,0.12412446520600534,0.249510095436576,0.24517622297966893,0.25426530855983664,10.802361464526841,21.912743291666153,3.2077560630528055
elastic,0.5,mixed|d0000e0500h0500,0.0,25,2990.72,-1.7648064814358944,-1.7770587756122738,-1.7527238566155083,-1.6616255894033074,-1.6750986974717086,-1.648143751975708,-1.7648064814358944,-1.6616255894033074,0.0,0.04562291505681227,0.042253872953480646,0.049342489291093694,18.938997734635315,18.915575759633402,13.011745253639065
elastic,0.5,mixed|d0000e0500h0500,0.17,30,2990.366666666667,-1.738653878905905,-1.749736294668602,-1.7268784731953084,-1.6031159887596724,-1.6142596080502931,-1.5921079101201376,-1.8332320057998965,-1.6976941156536636,0.0788151057449929,0.08026278402166555,0.07595810819141997,0.08443833296032154,12.575290989580955,19.714736929813107,13.303142391710805
elastic,0.5,mixed|d0000e0500h0500,0.28,34,2990.794117647059,-1.7023831648231902,-1.7154894846629343,-1.6898896550363112,-1.589952987374932,-1.5990654782535874,-1.580699602782589,-1.8397610493491483,-1.72733087190089,0.11448157043829843,0.12300557940462956,0.11802699460997597,0.12796708754985095,10.961889467595189,20.225549503396053,11.033695896136978
elastic,0.5,mixed|d0000e0500h0500,0.5,33,2991.4848484848485,-1.7333695925623267,-1.745659322761098,-1.721626436870566,-1.6541167049967735,-1.6655154765658975,-1.6429439518306876,-1.8875110973712315,-1.8082582098056788,0.12845125400742083,0.22145979360375476,0.2155025644042732,0.2277729038908358,11.072287967034153,21.378030740194976,7.021647679973314
elastic,0.5,mixed|d0000e0700h0300,0.0,31,2977.2580645161293,-1.8081354479314924,-1.8197285170306512,-1.7960861709552582,-1.4896026862612533,-1.5071534152028048,-1.4728389829367616,-1.8081354479314924,-1.4896026862612533,0.0,0.04775660964105131,0.04538825985043161,0.050628894088518575,18.963472555416676,19.12571357058616,31.533247804186434
elastic,0.5,mixed|d0000e0700h0300,0.17,27,2985.3333333333335,-1.7990116174646305,-1.8178489849235677,-1.781411601452572,-1.465773354780325,-1.4800376112036142,-1.4501802327064228,-1.8884781275463622,-1.5552398648620571,0.0745554250681101,0.08310978860693334,0.07887519877454355,0.0877398365766368,13.921212464889622,19.572255196705,30.393309984681142
elastic,0.5,mixed|d0000e0700h0300,0.28,39,2990.923076923077,-1.7752206551421152,-1.787917982197161,-1.7640852779899596,-1.481846226794862,-1.4916391934052018,-1.4721557449501128,-1.910832277790034,-1.6174578494427807,0.11300968553993243,0.11227351495997806,0.10818446621311877,0.11594773409764793,11.637946963781078,20.012196546472804,25.931095022218035
elastic,0.5,mixed|d0000e0700h0300,0.5,35,2992.2571428571428,-1.7380311218903544,-1.749435722065865,-1.7275954758066168,-1.5819216562585843,-1.5932209237205073,-1.5713442698333802,-1.9081695356136605,-1.7520600699818911,0.14178201143608898,0.19791633413536713,0.19237919459068561,0.20386821717612597,11.003337741733185,21.062606237353283,12.465639489042058
elastic,0.5,mixed|d0000e0750h0250,0.0,34,2985.705882352941,-1.8000816982383623,-1.8102537845376625,-1.789770567431899,-1.440286254037063,-1.4516555100100954,-1.4300786413928464,-1.8000816982383623,-1.440286254037063,0.0,0.04745979032889445,0.04423645791203114,0.050289452448393494,19.100848747701498,18.996871802991627,34.11809514847135
elastic,0.5,mixed|d0000e0750h0250,0.17,34,2989.705882352941,-1.8021137515227472,-1.810770194060471,-1.7920636788191888,-1.4111157876219338,-1.4218095446754715,-1.3999705075997455,-1.8907831703498568,-1.4997852064490433,0.07389118235592468,0.0826816733121338,0.08016613155850252,0.08531793824463843,13.632924125581955,19.50169808319028,34.264715954710944
elastic,0.5,mixed|d0000e0750h0250,0.28,29,2993.2413793103447,-1.7756213277642605,-1.7894385732586595,-1.7618127832779191,-1.4468307888133745,-1.4604638859304908,-1.432362252050592,-1.9136790757779238,-1.5848885368270378,0.11504812334471932,0.10696377900952815,0.1031633980807408,0.1106711769254867,11.516193877127881,19.927993007123696,29.864845124950296
elastic,0.5,mixed|d0000e0750h0250,0.5,34,2992.705882352941,-1.7411138352596343,-1.754855354292035,-1.7272849561613088,-1.5449935671246517,-1.5580632294960546,-1.5314499141993574,-1.9115741531934958,-1.7154538850585133,0.14205026494488432,0.1968866955698036,0.19043346189037552,0.20297176183978222,10.917973662048615,20.9541517724155,15.859558076919097
elastic,0.5,mixed|d0000e0850h0150,0.0,30,2987.6666666666665,-1.8290250716091312,-1.8418601548240676,-1.8168148004259834,-1.3688041828156667,-1.3790801339916885,-1.3587853646224766,-1.8290250716091312,-1.3688041828156667,0.0,0.045827778559199776,0.042204635890054354,0.0494661515656933,18.623698120909147,19.127983716849315,40.170360006947774
elastic,0.5,mixed|d0000e0850h0150,0.17,28,2988.964285714286,-1.8266433273701186,-1.8411732722612002,-1.8116614468210896,-1.3609885510580513,-1.373659923647729,-1.3495370851759647,-1.915869130588103,-1.4502143542760357,0.07435483601498734,0.08340120111138974,0.0794305708024695,0.0872716048824919,13.74254851462869,19.52664398976504,40.011697454826255
elastic,0.5,mixed|d0000e0850h0150,0.28,33,2987.757575757576,-1.8029683169883601,-1.8177860859976425,-1.7881279244841757,-1.3850111513228762,-1.3980059405231255,-1.371767707026963,-1.9392882488533478,-1.521331083187864,0.11359994322082309,0.1027992878298137,0.09871465248351993,0.10712478914431038,11.451117401874544,19.940061452202794,35.147792843156196
elastic,0.5,mixed|d0000e0850h0150,0.5,32,2993.78125,-1.7703026258508425,-1.7830754077027438,-1.7574908020360376,-1.5172174167228514,-1.5297865539932594,-1.5036041653675392,-1.946257860891441,-1.69317265176345,0.14662936253383213,0.1882750941638313,0.18278751822999778,0.1939066063419387,10.442493471983365,21.198957717396212,19.722847319131116
elastic,0.5,mixed|d0000e0900h0100,0.0,33,2988.939393939394,-1.837459203253464,-1.8530628772668492,-1.8222690404625685,-1.3430328723956777,-1.355037731883529,-1.3326558131190334,-1.837459203253464,-1.3430328723956777,0.0,0.045962896657755006,0.04192587939900123,0.05070901178160114,19.45168200550127,19.049388102399746,42.12456763277146
elastic,0.5,mixed|d0000e0900h0100,0.17,29,2980.862068965517,-1.8357015431864097,-1.851833882191579,-1.8210973085102042,-1.3227532434380538,-1.337033389924937,-1.308249259404097,-1.9245424992848799,-1.411594199536524,0.07403413008205861,0.07740524094902419,0.0732598329649912,0.08167782559866012,13.73651035751609,19.519957952818768,42.16983299599991
elastic,0.5,mixed|d0000e0900h0100,0.28,35,2987.1714285714284,-1.8157349742600142,-1.8308057496779198,-1.8006547699190576,-1.3495909109751483,-1.3629514892607653,-1.335689865798034,-1.9517986130471192,-1.485654549762253,0.11338636565592072,0.1004054909709375,0.09654088875601333,0.10451118038792714,11.642831974440877,19.887166787643437,39.828928663859536
elastic,0.5,mixed|d0000e0900h0100,0.5,30,2999.6,-1.7512529577170397,-1.7689735289160224,-1.7361256896486652,-1.4812703538852074,-1.4983724440293327,-1.464211270302781,-1.9321905575356069,-1.6622079537037744,0.15078133318213904,0.17681163539871483,0.1707529641020149,0.1826073039794198,10.14842417783011,20.898080663867965,20.84555856651173
elastic,0.5,mixed|d0050e0750h0200,0.0,32,2983.0,-1.8051331339126595,-1.8180645436218426,-1.792952805440852,-1.4795693655531792,-1.4919944725615504,-1.467676302203785,-1.8051331339126595,-1.4795693655531792,0.0,0.03718660889513756,0.03473257271897555,0.03944955528410984,18.75379797618544,19.12826246327,32.372891783921204
elastic,0.5,mixed|d0050e0750h0200,0.17,29,2993.9310344827586,-1.7920346645312213,-1.8051670882301996,-1.7778961156513424,-1.4375239238861963,-1.447865449738418,-1.426439702109382,-1.880514060349973,-1.526003319704948,0.07373282984895967,0.06933855379185429,0.06601379973507097,0.07294990666076047,13.131286224059817,19.441514156395936,32.19533582040785
elastic,0.5,mixed|d0050e0750h0200,0.28,28,2993.3928571428573,-1.7622696730296548,-1.7794349136981165,-1.7454218396431889,-1.4627365847522313,-1.4760717121204416,-1.4496798589810218,-1.8989736844616902,-1.5994405961842662,0.11392000952669604,0.10025697835776078,0.09740741944502307,0.10308439130737228,10.941302192089188,19.928283615841984,27.704880086066932
elastic,0.5,mixed|d0050e0750h0200,0.5,31,2994.3225806451615,-1.7399637711479374,-1.7525399551349574,-1.7262199763643131,-1.5565905167168474,-1.5688853464868466,-1.544655848445885,-1.911453095341964,-1.7280798409108742,0.1429077701616891,0.1871575781430852,0.18111323086371633,0.19331389849327982,10.852974789725007,20.992001897921472,14.377346499794259
elastic,0.5,mixed|d0050e0800h0150,0.0,37,2991.7297297297296,-1.8224922231278706,-1.8326199732732054,-1.8124787180170279,-1.43246624395749,-1.4460201467003329,-1.4208349662833006,-1.8224922231278706,-1.43246624395749,0.0,0.037082392377277805,0.03528354464606769,0.03880566416508117,18.959908288943762,19.106638615749542,36.02238801315586
elastic,0.5,mixed|d0050e0800h0150,0.17,32,2986.125,-1.8041688646633844,-1.8196163732061186,-1.7902049253487262,-1.402043591454533,-1.4160306545137105,-1.3880948173029675,-1.8934322171684694,-1.491306943959618,0.07438612708757072,0.06648721244717976,0.063596216793639,0.06903977457401045,12.823356095247906,19.48611920682147,35.587107848051964
elastic,0.5,mixed|d0050e0800h0150,0.28,30,2992.1666666666665,-1.7836193822778277,-1.7964831347652976,-1.7700958423869528,-1.4315522836647403,-1.4432862820138916,-1.4185703247017691,-1.9201318852306024,-1.5680647866175146,0.1137604191273118,0.09702758097903148,0.09354356333970971,0.10084097450323042,10.97612802694491,19.95687254726354,31.57185561611329
elastic,0.5,mixed|d0050e0800h0150,0.5,32,2997.40625,-1.7392485963554316,-1.7501726278439869,-1.7285154202817368,-1.528631158698054,-1.541011761804218,-1.5178302126153507,-1.9115577718803674,-1.7009403342229896,0.14359097960411288,0.18046498480840728,0.17518700237292767,0.1851658912976677,10.588818382046929,20.904106322423186,16.40959918490586
elastic,0.5,mixed|d0100e0000h0900,0.0,30,2991.0666666666666,-1.7283827640858258,-1.7388893988884793,-1.7192866915480853,-1.7150061402856465,-1.725132503500448,-1.705742139407738,-1.7283827640858258,-1.7150061402856465,0.0,0.04502354038479731,0.042201475168203065,0.048496780173774304,19.052467541116645,19.117329814409246,2.5397654938946426
elastic,0.5,mixed|d0100e0000h0900,0.17,32,2991.0,-1.690230905729376,-1.7013876252735585,-1.6797841727035256,-1.6708398071874353,-1.680967058856311,-1.6606155769623356,-1.782200564706307,-1.762809466164366,0.07664138248077566,0.08663490471414242,0.08286186685055166,0.09046253343363424,12.642242835133654,19.680502483971615,2.015522676296485
elastic,0.5,mixed|d0100e0000h0900,0.28,36,2991.0,-1.687611121612345,-1.695279698357789,-1.6790965889122955,-1.6682497641428755,-1.6766421416091883,-1.6596539687504615,-1.8155692181241025,-1.7962078606546332,0.10663174709313127,0.15845685203759424,0.15415645083398347,0.16265509491437272,10.492674793117637,20.679183689012138,1.6938325159283882
elastic,0.5,mixed|d0100e0000h0900,0.5,33,2991.0,-1.7406902974843328,-1.7512911850863342,-1.7302163742175636,-1.720004166292744,-1.729744278985556,-1.7100477637552947,-1.8876767112711477,-1.8669905800795592,0.12248867815567914,0.2952696473258159,0.29106384810998653,0.2993229689067201,10.70392710001336,22.597975182851407,1.3160174450972715
elastic,0.5,mixed|d0100e0900h0000,0.0,32,2986.53125,-1.8229961225394007,-1.83484878968999,-1.8114236713046468,-1.3774044977266615,-1.3947643858700545,-1.3623228336507955,-1.8229961225394007,-1.3774044977266615,0.0,0.02002106851822276,0.017667777669693137,0.022850240863207933,18.704982875869874,19.112230926639604,38.96098467795529
elastic,0.5,mixed|d0100e0900h0000,0.17,28,2990.1428571428573,-1.8100741345908262,-1.825865625059905,-1.792188658231841,-1.3539576141645535,-1.3667759510146715,-1.3397552468741731,-1.9014027608782629,-1.4452862404519902,0.07610718857286379,0.05173799894442652,0.04879532240488151,0.05434407769875748,11.92470985353128,19.372365752660805,40.25671155513919
elastic,0.5,mixed|d0100e0900h0000,0.28,30,2995.5,-1.7947515075149296,-1.809551682607076,-1.780612445018209,-1.3810410398962896,-1.3941941605975894,-1.3694442315366775,-1.9311971420350802,-1.5174866744164401,0.11370469543345879,0.07556235794868474,0.07232955460229835,0.07881561153737067,9.999525027454558,19.802238439185068,35.38613008087025
elastic,0.5,mixed|d0100e0900h0000,0.5,35,2993.342857142857,-1.745742289105407,-1.758097046482861,-1.732621841278628,-1.486814139203845,-1.5009131844093266,-1.4711610212805284,-1.927395656201125,-1.6684675062995626,0.15137780591309802,0.1553003908046106,0.14914901376511816,0.16131357133477442,9.825796758141431,20.765195718326158,18.973039951958306
elastic,0.5,mixed|d0150e0400h0450,0.0,33,2992.060606060606,-1.7906418451052886,-1.8003771932985586,-1.7805471996382245,-1.7292446871436589,-1.7366377845663263,-1.722234235564096,-1.7906418451052886,-1.7292446871436589,0.0,0.0413096514875052,0.038966572736059156,0.04367204408187765,18.992011335110078,19.089809211860345,10.832865444166869
elastic,0.5,mixed|d0150e0400h0450,0.17,34,2991.1176470588234,-1.6929524254608694,-1.7020695842753784,-1.6834079160233724,-1.5951821061504219,-1.605248968350626,-1.5853946131158598,-1.7896608114458963,-1.6918904921354485,0.08059032165418901,0.062351366422076344,0.05933226570961844,0.0652264000884034,12.145273705369853,19.54533066750318,8.993053102609316
elastic,0.5,mixed|d0150e0400h0450,0.28,27,2991.0,-1.681884035610484,-1.6940077272679812,-1.6706939167134902,-1.592205001246447,-1.602277249600896,-1.5820559833478607,-1.8131435920576033,-1.723464557693566,0.1093829637059326,0.10571219832336515,0.10145219609445617,0.11067802171947942,10.377192816024852,20.134401789179165,8.255886823280298
elastic,0.5,mixed|d0150e0400h0450,0.5,28,2991.464285714286,-1.7440708092860107,-1.7557626397214463,-1.7313504777823596,-1.6515749386012628,-1.6620008239451454,-1.6419713646856193,-1.8899344848702992,-1.7974386141855516,0.12155306298690703,0.20614770687952927,0.2035203818888044,0.20883771329041512,11.092668425283236,21.14278035586162,6.439259071830898
elastic,0.5,mixed|d0150e0450h0400,0.0,27,2989.3703703703704,-1.778623090294136,-1.7922548713584552,-1.7645021964928365,-1.7097254874676875,-1.7232193263740847,-1.6972176490557513,-1.778623090294136,-1.7097254874676875,0.0,0.037252261156713116,0.0346192600692112,0.04014625527400024,19.163467211068816,19.06941920741244,11.803131287407178
elastic,0.5,mixed|d0150e0450h0400,0.17,35,2991.0,-1.68924966281186,-1.7023258772052774,-1.6773568075357461,-1.583596872640803,-1.5939016977782126,-1.5718416171687648,-1.786529304227154,-1.6808765140560966,0.08106636784607826,0.061909730055415974,0.05892655574512321,0.06456656169843668,12.150964534312692,19.47017979975516,10.314598797392726
elastic,0.5,mixed|d0150e0450h0400,0.28,30,2991.1666666666665,-1.6795159180296197,-1.6892299668685036,-1.669750063840003,-1.569605570625154,-1.5783003673906324,-1.5612655084646816,-1.8117443294282436,-1.7018339820237776,0.11019034283218618,0.10010532125651962,0.096538341431225,0.10385755572897949,10.56660500995259,19.937640138966696,9.737191987895278
elastic,0.5,mixed|d0150e0450h0400,0.5,28,2991.6428571428573,-1.7381765483891018,-1.7529382621035992,-1.722552857594226,-1.6318594917315832,-1.6431305959343387,-1.6192436362876899,-1.8902005781964342,-1.7838835215389153,0.1266866915061102,0.20269535690583854,0.1979949613092329,0.20708941587836208,11.21328286542349,21.077119100188177,7.796996774480568
elastic,0.5,mixed|d0200e0350h0450,0.0,33,2991.181818181818,-1.7832049139725743,-1.7928737601739009,-1.7738011733601102,-1.7286186791020766,-1.7397360270858744,-1.7179508017843443,-1.7832049139725743,-1.7286186791020766,0.0,0.04218142900656208,0.03945760224167581,0.04511962693145837,18.833261616406354,19.035528134048498,10.136468153421257
elastic,0.5,mixed|d0200e0350h0450,0.17,29,2990.7241379310344,-1.684832011681458,-1.6965906181705426,-1.6741376384729434,-1.59470204897868,-1.60436782225864,-1.5847119605576812,-1.7823925984475868,-1.6922626357448094,0.08130048897177433,0.06491421422849251,0.06114302544389581,0.06895497153643168,12.425135921393153,19.495271383304715,8.714479691266053
elastic,0.5,mixed|d0200e0350h0450,0.28,31,2991.1935483870966,-1.6802484502135444,-1.6908033365780868,-1.6682138370993413,-1.5864118725728946,-1.5961353652086858,-1.5761202807380337,-1.8073661620348982,-1.7135295843942482,0.10593142651779476,0.10782170633467773,0.10493624418188476,0.11081941140923934,10.670033342543547,19.95973624802644,8.307691705495886
elastic,0.5,mixed|d0200e0350h0450,0.5,30,2990.866666666667,-1.7451896412580616,-1.7559805990130286,-1.7346830719841477,-1.6469619934258082,-1.6569527781226019,-1.637033680952558,-1.8917153068022141,-1.7934876589699613,0.12210472128679405,0.20961581795770837,0.20563497695856342,0.21335058953503522,11.186062037105652,21.20119868806874,6.815261278456335
elastic,0.5,mixed|d0200e0450h0350,0.0,28,2991.5,-1.7754177349532543,-1.7888365823096855,-1.7625537715629993,-1.7062094904342406,-1.7208117083502061,-1.6909086344103357,-1.7754177349532543,-1.7062094904342406,0.0,0.03639153067944146,0.03376859176837376,0.0393072853032155,18.94055020506296,18.994877449387975,12.320485192523888
elastic,0.5,mixed|d0200e0450h0350,0.17,32,2991.3125,-1.685986587297205,-1.6954078117969715,-1.6765874286760338,-1.5692131697805913,-1.5774676462489912,-1.5610562525726557,-1.782532883053643,-1.6657594655370294,0.08045524646369845,0.05622595602768968,0.05400809737051919,0.05838448798993137,11.789833156184915,19.437785011478326,10.970149627297987
elastic,0.5,mixed|d0200e0450h0350,0.28,33,2990.878787878788,-1.688273451170594,-1.6977509319193458,-1.6774487524276456,-1.5702125469456496,-1.5789879178820987,-1.5617796709932235,-1.818419277256925,-1.70035837303198,0.10845485507194219,0.09580549297502666,0.09282896068914079,0.09866372284247327,10.730376661149718,19.95285219721935,9.940168596387709
elastic,0.5,mixed|d0200e0450h0350,0.5,31,2991.451612903226,-1.7429515540106315,-1.7535983713094767,-1.732746066450004,-1.6237279705647272,-1.6319733117072968,-1.6159293074595147,-1.8947322351694713,-1.7755086517235674,0.12648390096569984,0.191868881711937,0.18594139909258908,0.19681900924948983,11.223556201525165,20.96047963252924,8.193800461999697
elastic,0.5,mixed|d0250e0350h0400,0.0,39,2992.6923076923076,-1.7885388567996892,-1.8016317018366033,-1.7749249591520329,-1.7286067398465939,-1.7406372088429032,-1.717186662764098,-1.7885388567996892,-1.7286067398465939,0.0,0.03868411102523347,0.03628867431213805,0.040806343743190546,19.2026555033001,19.1100104766195,11.510865940047498
elastic,0.5,mixed|d0250e0350h0400,0.17,34,2991.470588235294,-1.6788597713806543,-1.6910241324088175,-1.666671189859318,-1.5722214892477813,-1.5833692520284945,-1.5605661562598576,-1.774736059690926,-1.668097777558053,0.07989690692522655,0.05621815891684094,0.05375648982243008,0.058799253412125635,12.31920585927656,19.403327681040054,9.555566904089927
elastic,0.5,mixed|d0250e0350h0400,0.28,33,2990.878787878788,-1.679957568672187,-1.6920923798923675,-1.6685529062261224,-1.5720970917947352,-1.581855161982736,-1.562111635340194,-1.8062703427880233,-1.6984098659105717,0.1052606450965304,0.09959557109544065,0.09635962981212153,0.10255419444022246,10.597426947325532,19.917225916469885,8.935919421859712
elastic,0.5,mixed|d0250e0350h0400,0.5,30,2991.366666666667,-1.7391243904270433,-1.7474734061061272,-1.7309749210051615,-1.6257505319871364,-1.6343338445618325,-1.6172971337981297,-1.8871545928984097,-1.7737807344585024,0.12335850205947188,0.19758092897974025,0.1938443879424157,0.20107609998762263,11.219134528615227,20.963790974631806,7.3505021838184295
elastic,0.5,mixed|d0250e0400h0350,0.0,29,2990.206896551724,-1.7894840896700257,-1.8028340617995269,-1.7759909896277801,-1.725618527471701,-1.7359928950304906,-1.7148752605259947,-1.7894840896700257,-1.725618527471701,0.0,0.036931257593137264,0.03427200579385673,0.03944116659574737,19.306900530491504,19.08877080907413,11.981858170536707
elastic,0.5,mixed|d0250e0400h0350,0.17,28,2991.035714285714,-1.6795529182659317,-1.6896499503478066,-1.669292199268204,-1.5674273049592387,-1.5790884345328078,-1.5557146095381804,-1.776238992019101,-1.6641133787124083,0.08057172812764139,0.05423342343904811,0.05213388241297026,0.05631317592513027,11.95119185936929,19.419985935550223,10.242278335468166
elastic,0.5,mixed|d0250e0400h0350,0.28,31,2991.0,-1.6814906289933806,-1.6919378802951826,-1.6717425740931366,-1.5642675305013982,-1.5726012971481043,-1.556488039938153,-1.8063150916061783,-1.6890919931141957,0.10402038551066466,0.09702220247444625,0.0938728119264544,0.10011863274772444,10.789454090771015,19.81759963054076,9.980727028997045
elastic,0.5,mixed|d0250e0400h0350,0.5,28,2990.785714285714,-1.737574018498097,-1.7493677338588205,-1.7256350673571184,-1.614346775507437,-1.6259370879570592,-1.6031091103230635,-1.8852768116885181,-1.762049568697858,0.12308566099201759,0.195518368836702,0.19121686227752224,0.1999580569420498,11.23562609682734,20.852279189590416,8.144997948858244
elastic,0.5,mixed|d0300e0000h0700,0.0,33,2991.0,-1.7229303823590538,-1.732249779609332,-1.7138100814589508,-1.6850949057787397,-1.6947303862479886,-1.676280903448363,-1.7229303823590538,-1.6850949057787397,0.0,0.03897524550920056,0.036070249129124654,0.041656308162722956,18.894524053631407,19.03342512493706,7.886719099446237
elastic,0.5,mixed|d0300e0000h0700,0.17,32,2991.09375,-1.6995509452238244,-1.7076921407010406,-1.690279566553455,-1.6416158410867823,-1.6515759755067483,-1.6314345072779162,-1.7873337771866464,-1.7293986730496047,0.07315235996901862,0.07733349514140284,0.07342861919090604,0.08142983193484932,12.90548991579519,19.663828732321605,6.327207527663548
elastic,0.5,mixed|d0300e0000h0700,0.28,24,2991.125,-1.7057222744440395,-1.7210181560461304,-1.689916954509971,-1.6391294043635487,-1.6532611117999045,-1.6238911550107875,-1.8245748180467913,-1.7579819479663008,0.09904378633562679,0.13796362925338027,0.1336776800843412,0.1421397284427319,10.68934115146709,20.438941051770158,5.29650755651431
elastic,0.5,mixed|d0300e0000h0700,0.5,35,2990.9714285714285,-1.755559400378117,-1.7651895230261339,-1.74530078346861,-1.6807523163612288,-1.6909246380693852,-1.6699765505596995,-1.8932194555555941,-1.8184123715387062,0.11471671264789753,0.2486819304864746,0.24513316410451297,0.25267486166095043,11.031076683840855,21.863148273204214,4.220482148489673
elastic,0.5,mixed|d0300e0700h0000,0.0,31,2991.2903225806454,-1.7802924394827353,-1.7913603084846452,-1.7695468778218189,-1.6243813188243201,-1.6414934074241128,-1.6085347228091873,-1.7802924394827353,-1.6243813188243201,0.0,0.022253773276518424,0.019503671569307837,0.02480051665738094,18.936593425403387,19.00539995798761,22.72764165597144
elastic,0.5,mixed|d0300e0700h0000,0.17,35,2990.457142857143,-1.7072440041111812,-1.7184943350579036,-1.6967322213201554,-1.4904333431994579,-1.5004635942442135,-1.4807873386389703,-1.8039134472693437,-1.5871027863576206,0.08055786929846884,0.030401388473056304,0.02850828891769462,0.03243462068464456,10.422952563456564,19.370156680268277,18.798953438552218
elastic,0.5,mixed|d0300e0700h0000,0.28,27,2991.5185185185187,-1.7062103353734974,-1.717188085047225,-1.695955133268712,-1.4770983565631408,-1.4879161413234747,-1.4654652419576757,-1.8404222340313692,-1.6113102552210128,0.11184324888155998,0.057457749114845684,0.05431202409595414,0.06061617231059267,9.499592865441734,19.69841116900638,18.477555186042764
elastic,0.5,mixed|d0300e0700h0000,0.5,27,2991.740740740741,-1.740721137595013,-1.754190509609491,-1.7288992292645617,-1.5396606578973202,-1.5515236191982769,-1.527297196518922,-1.9082958654565754,-1.7072353857588822,0.13964560655130157,0.14941770540723492,0.14481213170222368,0.15471468991029005,10.497853789583028,20.530217376747807,12.690826634335501
elastic,0.5,mixed|d0500e0000h0500,0.0,32,2991.125,-1.7444860543053187,-1.7579307734422769,-1.7320491688597044,-1.6875069000932514,-1.6984835471144661,-1.6762192826310733,-1.7444860543053187,-1.6875069000932514,0.0,0.0358045873978764,0.03345339051719273,0.038320589529582554,19.082913541054666,19.09536689629495,12.254045963798518
elastic,0.5,mixed|d0500e0000h0500,0.17,31,2991.0,-1.7038841331308325,-1.7118423861451642,-1.6963456691256034,-1.594186072667683,-1.6035707627442333,-1.5845712265060787,-1.786446918260415,-1.6767488577972656,0.06880232094131858,0.0689811369592649,0.0651521769609905,0.07281198434011713,12.704932384544415,19.548612602094703,11.403696107034527
elastic,0.5,mixed|d0500e0000h0500,0.28,32,2991.03125,-1.7175056484450155,-1.7288609587518837,-1.7056808227562834,-1.603729253917487,-1.6147263391089222,-1.593744098086213,-1.8275251938407284,-1.7137487993132,0.09168295449642744,0.1211737422944538,0.11769225409249354,0.12476115496810423,11.011189835682899,20.17044992732709,9.167420422525247
elastic,0.5,mixed|d0500e0000h0500,0.5,28,2991.1785714285716,-1.769315261082813,-1.7820271097444766,-1.7564264758257133,-1.6329047205194442,-1.643746061852721,-1.621605763256572,-1.9022566956285314,-1.7658461550651625,0.11078452878809883,0.21755526687779686,0.21278083348530616,0.22209555819121113,11.586740947935093,21.175181138292857,7.312657579315391
elastic,0.5,mixed|d0500e0500h0000,0.0,34,2990.470588235294,-1.7799000458981293,-1.791357148170109,-1.7680899499364708,-1.671253243554462,-1.6874543522159133,-1.6559105356291945,-1.7799000458981293,-1.671253243554462,0.0,0.024563712391624352,0.022303831567081534,0.026788032799207787,19.205353293819197,19.06317844404551,20.466023623732923
elastic,0.5,mixed|d0500e0500h0000,0.17,30,2990.9666666666667,-1.6938675792569549,-1.7048689956267389,-1.683033747014594,-1.4948744370750935,-1.5047664906897997,-1.4841236717179083,-1.7866335967699907,-1.587640454588129,0.0773050145941964,0.03078156104030462,0.029198542525461224,0.03254275856825896,10.766308047379598,19.382126975809022,17.280104623933223
elastic,0.5,mixed|d0500e0500h0000,0.28,31,2990.8387096774195,-1.6972718606504025,-1.7089309519907319,-1.6856885203433614,-1.4918154066170517,-1.5049578872557143,-1.4799379922564864,-1.8216372925914233,-1.616180838558073,0.10363785995085058,0.06119861093366068,0.05842627369883688,0.06409184865820172,10.403032318308929,19.557011412345386,16.061809666831326
elastic,0.5,mixed|d0500e0500h0000,0.5,32,2991.15625,-1.7464455994918406,-1.7561558712604441,-1.7368510643028046,-1.544170116739322,-1.5582083507008464,-1.531454512806117,-1.9078361284185676,-1.7055606456660488,0.1344921074389392,0.14570877567441332,0.1416547248416984,0.15005215290692694,10.998595976294986,20.42310004327465,12.409425945499194
elastic,0.5,mixed|d0700e0000h0300,0.0,32,2991.625,-1.7461736293205583,-1.7580527927389968,-1.7340661069888144,-1.6701028925122001,-1.6840865110942749,-1.6565478449081046,-1.7461736293205583,-1.6701028925122001,0.0,0.03286759007947743,0.029552819000075548,0.03611854816534536,18.365282568992846,19.087360845184442,16.923833059606586
elastic,0.5,mixed|d0700e0000h0300,0.17,35,2991.1428571428573,-1.7082790903621108,-1.71822802872771,-1.697947694305987,-1.563824575958722,-1.5758051962461002,-1.5526033770958936,-1.788787836390125,-1.644333321986736,0.06709062169001147,0.06127589079632459,0.059049226858788065,0.06349762658230178,12.619099209407112,19.46954346408068,15.342758396423191
elastic,0.5,mixed|d0700e0000h0300,0.28,26,2990.0384615384614,-1.7366988565939079,-1.7469589411828579,-1.7259866287322945,-1.5807216216861275,-1.591938223717456,-1.5697026934136649,-1.8470014631077079,-1.6910242281999275,0.09191883876149975,0.10933647645372442,0.10427545114962646,0.11458374980944287,11.5918238125233,20.109471258011435,12.797766225649347
elastic,0.5,mixed|d0700e0000h0300,0.5,31,2991.1612903225805,-1.7688604682221754,-1.7810853119864565,-1.7556480252678928,-1.5870786499774099,-1.5991136748429697,-1.5748290482841956,-1.9096250697988464,-1.7278432515540811,0.11730383464722578,0.1950785242207156,0.18986634451045412,0.19987181004337562,12.021929803610929,20.74659439402463,10.045897171070495
elastic,0.5,mixed|d0700e0300h0000,0.0,33,2989.818181818182,-1.7639772104380291,-1.7759572997436368,-1.7514738570252149,-1.6513632724096308,-1.6647902119816054,-1.6369311474996135,-1.7639772104380291,-1.6513632724096308,0.0,0.02602512928709455,0.02343333099956028,0.02864318371733519,18.873891501026577,19.0684578297432,22.01512586286664
elastic,0.5,mixed|d0700e0300h0000,0.17,28,2990.785714285714,-1.7021479016537124,-1.7121555894508913,-1.6917724911372227,-1.4933262371966716,-1.5050285051024308,-1.481993723391728,-1.7877585938866891,-1.5789369294296485,0.07134224352748056,0.0374707421004513,0.034752229349737505,0.04038324276061613,11.469062380026562,19.368129757129896,19.36058594755323
elastic,0.5,mixed|d0700e0300h0000,0.28,32,2990.5,-1.7117585402265731,-1.7242789802919245,-1.700709815780948,-1.5102347272791907,-1.5228835021348133,-1.497399585907472,-1.829788791844368,-1.6282649788969854,0.09835854301482913,0.07321982381834809,0.06954077831634056,0.07716143957341928,11.233258827198885,19.63008039655036,16.65189549277776
elastic,0.5,mixed|d0700e0300h0000,0.5,25,2989.04,-1.7485601731175078,-1.7590593615052372,-1.738428359612257,-1.527709346748257,-1.5389453207491381,-1.515920586902585,-1.9098539058376063,-1.6890030794683555,0.13441144393341536,0.14697304418753018,0.14136982532346498,0.15284032452969293,11.3979272157559,20.335881592770363,12.35941655769471
elastic,0.5,mixed|d0900e0000h0100,0.0,30,2990.0333333333333,-1.7410502262518652,-1.7530926488316747,-1.727899240454204,-1.634895022493507,-1.6513540148648258,-1.6184802631151143,-1.7410502262518652,-1.634895022493507,0.0,0.026003430636952367,0.023187032260978343,0.028900398361632114,18.773189587380173,19.037080245750797,22.040807100372284
elastic,0.5,mixed|d0900e0000h0100,0.17,33,2991.3636363636365,-1.7049590184774974,-1.712595560680156,-1.6968028490610165,-1.537287848707051,-1.5479635122454187,-1.526589241046563,-1.7852879115163387,-1.6176167417458929,0.06694074419903474,0.05707394114392955,0.05435385122981723,0.05990086043253836,12.325444365642856,19.392397072497086,19.001897698015725
elastic,0.5,mixed|d0900e0000h0100,0.28,32,2990.3125,-1.7265574474570498,-1.7364257382767487,-1.7169856746493852,-1.5357215447219774,-1.5453279752071492,-1.5259733710760126,-1.838644477063867,-1.6478085743287947,0.09340585800568099,0.09797416931307637,0.09460304523357614,0.10132219942966875,12.030649521931913,19.817618092865622,15.562035342148683
elastic,0.5,mixed|d0900e0000h0100,0.5,34,2991.6176470588234,-1.7772486130069913,-1.7892806390936489,-1.7655166183703306,-1.553465242948312,-1.5639855932449818,-1.5423425876522139,-1.9196307730300095,-1.69584740297133,0.11865180001918177,0.18004970048303878,0.17512427758799654,0.18548310044448096,12.147375712470625,20.493482694187474,12.72470611396914
elastic,0.5,mixed|d0900e0100h0000,0.0,28,2989.5,-1.7461767183333416,-1.7598150812594087,-1.7311804135003361,-1.6246444040584798,-1.6406094332524312,-1.608695443404967,-1.7461767183333416,-1.6246444040584798,0.0,0.022103985934298267,0.019978586254751615,0.024127968221496685,18.829735057614375,19.045012398507897,23.84178757185142
elastic,0.5,mixed|d0900e0100h0000,0.17,33,2991.757575757576,-1.7005618088032723,-1.7122054622562737,-1.6886600651113464,-1.513825955182733,-1.5274797047595123,-1.5010675274605918,-1.7828528844041742,-1.5961170307836348,0.0685758963340849,0.04672377285274805,0.043781835609791674,0.049623805037265885,12.141244213194,19.369785645689017,20.50623752806341
elastic,0.5,mixed|d0900e0100h0000,0.28,34,2991.764705882353,-1.7344529698737723,-1.745974298901887,-1.7226117497318296,-1.5334260191387943,-1.546014553646936,-1.5204060363362368,-1.8469464592274418,-1.6459195084924636,0.09374457446139109,0.09140533177355073,0.08643744125253026,0.0966367295981546,12.095183673947078,19.78002073933357,17.342499789268487
elastic,0.5,mixed|d0900e0100h0000,0.5,27,2991.5925925925926,-1.7740981421882387,-1.7860343886876922,-1.7629170468054423,-1.5365486805197446,-1.5527978979731991,-1.5214802043955262,-1.925785290205704,-1.6882358285372097,0.1264059566812213,0.16226952280025908,0.15527497429507187,0.16989873320927476,11.965793387956307,20.435723517143384,13.336548343398285
elastic,0.5,fixed_split_vot (matched20001),0.0,30,2990.9333333333334,-1.6100841791524725,-1.6191349037434999,-1.6017948069524899,-1.6100841791524716,-1.6192698551979885,-1.601486431291918,-1.6100841791524725,-1.6100841791524716,0.0,0.06703598770736954,0.06252240830890128,0.07139251086593112,9.287016997076643,19.708063340386236,0.0
elastic,0.5,fixed_split_vot (matched20001),0.17,34,2991.0588235294117,-1.6137894480776058,-1.6226972774447177,-1.605469373963061,-1.6137894480776047,-1.622958408632985,-1.6050912824969226,-1.6972682575005271,-1.6972682575005265,0.06956567451910099,0.069176492463655,0.06541893689877433,0.07354631024706183,9.88224337507563,19.736087272165985,0.0
elastic,0.5,fixed_split_vot (matched20001),0.28,30,2991.0,-1.6129065938918825,-1.6208191518049269,-1.6054819768711417,-1.6129065938918827,-1.6215338710080343,-1.6047600937384026,-1.7484224748681454,-1.7484224748681443,0.11292990081355181,0.07467959433857127,0.06959740332107434,0.08097709796054832,10.68920825690011,19.713132481715533,0.0
elastic,0.5,fixed_split_vot (matched20001),0.5,37,2991.0,-1.6088305055161984,-1.6176177973869303,-1.6009596730122644,-1.6088305055161989,-1.616932057163255,-1.600489199526854,-1.8340574976657487,-1.8340574976657489,0.18768916012462505,0.10525252638972316,0.10071323205078052,0.10973489662249998,13.32328702966492,19.704846252476433,0.0
