kind,method,toll,pct,value,ci_lo,ci_hi,n,mode
selfishness_gap,davis_threshold,0.0,108.76117048043568,1.0876117048043568,1.0806571462183416,1.0957199149431942,28,paired
selfishness_gap_vs_so,davis_threshold,0.0,8.750242341182984,-0.14088626757288814,-0.1532894408776305,-0.12944439214887035,28,paired
selfishness_gap,davis_threshold,0.17,105.59809700350226,1.0559809700350227,1.0486803657546826,1.0638792642737949,28,paired
selfishness_gap_vs_so,davis_threshold,0.17,5.607472431369752,-0.09049279840130582,-0.10268906937689311,-0.07922889191549638,28,paired
selfishness_gap,davis_threshold,0.28,106.7785623105561,1.067785623105561,1.060221073184696,1.0749112562892618,27,paired
selfishness_gap_vs_so,davis_threshold,0.28,6.793702674635138,-0.10957607840859931,-0.12195563264003531,-0.0978433878400819,27,paired
selfishness_gap,davis_threshold,0.5,110.77218995035503,1.1077218995035503,1.0972044136834318,1.119684508488192,32,paired
selfishness_gap_vs_so,davis_threshold,0.5,10.755944478307315,-0.17304491592339322,-0.18988006255128023,-0.15714321806379086,32,paired
toll_gap,davis_threshold,0.17,-32.297208209505456,-0.04439658133455682,-0.06593776710089007,-0.023596452961057206,19,paired
toll_gap,davis_threshold,0.28,-24.396875495753594,-0.03353657877269715,-0.05435935460534701,-0.013411195282083418,19,paired
toll_gap,davis_threshold,0.5,28.325845424806804,0.03893744289335824,0.01291796203043254,0.06497224950895891,22,paired
toll_direct,davis_threshold,0.17,-2.110192162235656,0.03687659511296179,0.02386340423683761,0.05032389983159521,35,paired
toll_direct,davis_threshold,0.28,-1.318387198096075,0.02303943298452633,0.006881019500398229,0.03767754922585997,33,paired
toll_direct,davis_threshold,0.5,1.5689125929923822,-0.02741748144780854,-0.042601452902138834,-0.010429590797644573,34,paired
second_best_toll,davis_threshold,0.17,-2.110192162235656,0.03687659511296179,0.0232849417006891,0.04971359858651172,35,paired
selfishness_gap,ema,0.0,115.94918507363599,1.1594918507363599,1.146318755350884,1.1720532807194244,27,paired
selfishness_gap_vs_so,ema,0.0,15.974275908144724,-0.25719928913120316,-0.27681020562672504,-0.2388768633843787,27,paired
selfishness_gap,ema,0.17,114.88208999703626,1.1488208999703626,1.1370727771102709,1.1598095928676166,30,paired
selfishness_gap_vs_so,ema,0.17,14.90196137172538,-0.24048628017350504,-0.2583659085449379,-0.22481930458988914,30,paired
selfishness_gap,ema,0.28,113.66518896502849,1.1366518896502849,1.1241076133602483,1.1513324200550252,25,paired
selfishness_gap_vs_so,ema,0.28,13.701199859526858,-0.22098755597661401,-0.24280939757477937,-0.20143802201030248,25,paired
selfishness_gap,ema,0.5,110.28890057617369,1.1028890057617369,1.093226004067411,1.1125286566168653,35,paired
selfishness_gap_vs_so,ema,0.5,10.296966060318685,-0.1656607311210565,-0.18342951628334755,-0.15108820781289528,35,paired
toll_gap,ema,0.17,-4.181993381611181,-0.010694435825080983,-0.04285690815768692,0.019304566530358603,20,paired
toll_gap,ema,0.28,-15.961392710394913,-0.040817398413593275,-0.06587189880868005,-0.015726359653207737,17,paired
toll_gap,ema,0.5,-33.840308741528446,-0.08653839858488105,-0.11296802106647663,-0.06012052874700498,22,paired
toll_direct,ema,0.17,-0.6395819555991668,0.01193338392092408,-0.006579305538668104,0.03055761908805142,33,paired
toll_direct,ema,0.28,-1.3703675611228097,0.025568454638997932,0.0075228059958743,0.042460237257539134,31,paired
toll_direct,ema,0.5,-4.9524315122876095,0.09240296112301341,0.07521703070533053,0.10841907200466369,35,paired
second_best_toll,ema,0.5,-4.9524315122876095,0.09240296112301341,0.07482925823071876,0.10836206277991468,35,paired
selfishness_gap,habit,0.0,106.77493718293292,1.0677493718293292,1.0593696825988959,1.0770815039723283,28,paired
selfishness_gap_vs_so,habit,0.0,6.774603748595313,-0.10907682315640346,-0.12337430530423527,-0.09621019722403765,28,paired
selfishness_gap,habit,0.17,104.63818251861245,1.0463818251861245,1.0382805981020504,1.0537286394514649,32,paired
selfishness_gap_vs_so,habit,0.17,4.642914865438446,-0.07492687018167221,-0.08620559532548458,-0.06157224270241902,32,paired
selfishness_gap,habit,0.28,104.17638488309866,1.0417638488309866,1.0334761580780387,1.0495505433907493,24,paired
selfishness_gap_vs_so,habit,0.28,4.191202260442836,-0.06760017762202813,-0.08168302597894898,-0.05582309933937431,24,paired
selfishness_gap,habit,0.5,107.83041153632622,1.0783041153632622,1.071193116319199,1.0851168164449692,32,paired
selfishness_gap_vs_so,habit,0.5,7.84098268196311,-0.12614812131966469,-0.13745175632548923,-0.11444214882754104,32,paired
toll_gap,habit,0.17,-30.637492467042176,-0.03469660308954743,-0.054662272834728534,-0.016757215295112125,21,paired
toll_gap,habit,0.28,-34.96176414512794,-0.039593790358620234,-0.06720070137460571,-0.013916023251322393,18,paired
toll_gap,habit,0.5,18.92232867358858,0.021429316652586013,0.004070440918035221,0.039327883036937954,22,paired
toll_direct,habit,0.17,-1.8955380103516197,0.03266643231566412,0.019136745042711557,0.04677305115484097,32,paired
toll_direct,habit,0.28,-1.85377937745413,0.03194679200895907,0.017509668380985947,0.04793284412836687,30,paired
toll_direct,habit,0.5,1.1266917349315497,-0.019416650628352405,-0.030395553128247915,-0.00882748198273391,32,paired
second_best_toll,habit,0.17,-1.8955380103516197,0.03266643231566412,0.01823201990430173,0.04616793847624238,32,paired
selfishness_gap,mixed|d0000e0100h0900,0.0,109.35279819453261,1.093527981945326,1.0820936241083363,1.1047453877989424,25,paired
selfishness_gap_vs_so,mixed|d0000e0100h0900,0.0,9.362014022011657,-0.15073630661844575,-0.16731077279281614,-0.1334190869469899,25,paired
selfishness_gap,mixed|d0000e0100h0900,0.17,104.25755979652757,1.0425755979652758,1.0305962830773623,1.0542010351682094,22,paired
selfishness_gap_vs_so,mixed|d0000e0100h0900,0.17,4.261360779406228,-0.06876939060257534,-0.08532763493468533,-0.049719814393989425,22,paired
selfishness_gap,mixed|d0000e0100h0900,0.28,104.09931100872257,1.0409931100872256,1.0305249674850496,1.0507685227420345,18,paired
selfishness_gap_vs_so,mixed|d0000e0100h0900,0.28,4.095268226268614,-0.06605285125904563,-0.08057557513264857,-0.04958428946199945,18,paired
selfishness_gap,mixed|d0000e0100h0900,0.5,108.00322362854142,1.0800322362854142,1.07065926411268,1.0892353440232134,27,paired
selfishness_gap_vs_so,mixed|d0000e0100h0900,0.5,7.964464104662406,-0.12813472811669635,-0.14209586126520832,-0.11446594050628064,27,paired
toll_gap,mixed|d0000e0100h0900,0.17,-51.999463255674975,-0.0817885336590169,-0.11402591582497094,-0.054631373914397104,15,paired
toll_gap,mixed|d0000e0100h0900,0.28,-64.62399753977935,-0.10164531837519752,-0.1397168615808606,-0.06399720672733233,10,paired
toll_gap,mixed|d0000e0100h0900,0.5,-11.137635910858,-0.01751808292901312,-0.048616308888340766,0.019634342406978388,16,paired
toll_direct,mixed|d0000e0100h0900,0.17,-4.833479597191766,0.08542553816802115,0.06742786931596567,0.10196348615480898,23,paired
toll_direct,mixed|d0000e0100h0900,0.28,-5.119222895989595,0.09047568363504499,0.06818822029740083,0.10938136775233927,17,paired
toll_direct,mixed|d0000e0100h0900,0.5,-2.326719143910624,0.04112176973910928,0.020914228969737984,0.060596584278921936,23,paired
second_best_toll,mixed|d0000e0100h0900,0.28,-5.119222895989595,0.09047568363504499,0.07049963317003856,0.11032079699069655,17,paired
selfishness_gap,mixed|d0000e0200h0800,0.0,110.0396218313991,1.100396218313991,1.0918158995114833,1.1090306177636793,27,paired
selfishness_gap_vs_so,mixed|d0000e0200h0800,0.0,10.050904788282008,-0.16182802785780692,-0.17435954752659602,-0.14680524065311518,27,paired
selfishness_gap,mixed|d0000e0200h0800,0.17,103.19646874455184,1.0319646874455184,1.0225254130632206,1.0413957207739288,26,paired
selfishness_gap_vs_so,mixed|d0000e0200h0800,0.17,3.203174562622339,-0.05169249309510531,-0.06676669937373039,-0.03604868174734158,26,paired
selfishness_gap,mixed|d0000e0200h0800,0.28,104.12432713976597,1.0412432713976596,1.0330352679383321,1.0500510253288342,23,paired
selfishness_gap_vs_so,mixed|d0000e0200h0800,0.28,4.1353109826510766,-0.06669870351711442,-0.07981788909811283,-0.053963530484799536,23,paired
selfishness_gap,mixed|d0000e0200h0800,0.5,107.29128110035155,1.0729128110035155,1.0647939053459268,1.0810381824101376,29,paired
selfishness_gap_vs_so,mixed|d0000e0200h0800,0.5,7.290165774239576,-0.11728641087866744,-0.13001883332870529,-0.10523154557272904,29,paired
toll_gap,mixed|d0000e0200h0800,0.17,-63.134732169839374,-0.10659065705069425,-0.127984497431373,-0.08363126053197123,19,paired
toll_gap,mixed|d0000e0200h0800,0.28,-51.856511508954995,-0.08754958553125773,-0.11218925156298974,-0.06636114666725189,18,paired
toll_gap,mixed|d0000e0200h0800,0.5,-20.9387470321711,-0.03535098237169049,-0.057527408444412065,-0.014486690845230075,21,paired
toll_direct,mixed|d0000e0200h0800,0.17,-6.067439323579901,0.10793456618630663,0.09153717647139992,0.1237661904096569,26,paired
toll_direct,mixed|d0000e0200h0800,0.28,-5.364106474282722,0.0954228751870336,0.08047748220699426,0.11005928146716681,29,paired
toll_direct,mixed|d0000e0200h0800,0.5,-2.7747879942295084,0.04936110976045592,0.035215537836644065,0.062474956574905836,27,paired
second_best_toll,mixed|d0000e0200h0800,0.17,-6.067439323579901,0.10793456618630663,0.09162216667449558,0.12482074258300489,26,paired
selfishness_gap,mixed|d0000e0300h0700,0.0,110.57714189138082,1.1057714189138081,1.0949025601155593,1.1156375237227127,24,paired
selfishness_gap_vs_so,mixed|d0000e0300h0700,0.0,10.596697452134393,-0.170615749189469,-0.18685178190990068,-0.15389713225480464,24,paired
selfishness_gap,mixed|d0000e0300h0700,0.17,104.98127166577771,1.049812716657777,1.0386339622538003,1.0634657871687558,21,paired
selfishness_gap_vs_so,mixed|d0000e0300h0700,0.17,4.992362395245432,-0.0805662175442652,-0.10156997101222655,-0.06097194511977209,21,paired
selfishness_gap,mixed|d0000e0300h0700,0.28,104.56522256031211,1.045652225603121,1.035406031217944,1.055794066261883,22,paired
selfishness_gap_vs_so,mixed|d0000e0300h0700,0.28,4.566599779799541,-0.07365498896503897,-0.09050685419848685,-0.05622780473786194,22,paired
selfishness_gap,mixed|d0000e0300h0700,0.5,108.25025387696937,1.0825025387696936,1.0715269953414535,1.0935930328321302,29,paired
selfishness_gap_vs_so,mixed|d0000e0300h0700,0.5,8.23788805800439,-0.13253365608745057,-0.14815865924920377,-0.11541815965484019,29,paired
toll_gap,mixed|d0000e0300h0700,0.17,-45.07987684691461,-0.0752203709026187,-0.10057199225136966,-0.05278874581458258,12,paired
toll_gap,mixed|d0000e0300h0700,0.28,-51.4455417754881,-0.08584213188468896,-0.10668563086389536,-0.06436445476443493,12,paired
toll_gap,mixed|d0000e0300h0700,0.5,-15.87047703852029,-0.02648150910644503,-0.060037595268821076,0.003839374290958452,17,paired
toll_direct,mixed|d0000e0300h0700,0.17,-3.785607073048185,0.06726813195320397,0.053260382668645856,0.08174165460814,25,paired
toll_direct,mixed|d0000e0300h0700,0.28,-4.621244044117231,0.08211693610803834,0.07060247660477459,0.09570983365513558,30,paired
toll_direct,mixed|d0000e0300h0700,0.5,-2.0510382456410072,0.03644580873993182,0.02130303500894846,0.05268982978985528,30,paired
second_best_toll,mixed|d0000e0300h0700,0.28,-4.621244044117231,0.08211693610803834,0.07008927919564473,0.09513311867720325,30,paired
selfishness_gap,mixed|d0000e0400h0600,0.0,110.87537663153608,1.1087537663153608,1.1031595688252354,1.114691353416058,26,paired
selfishness_gap_vs_so,mixed|d0000e0400h0600,0.0,10.890428996715833,-0.17534507431795499,-0.18403344660894605,-0.16616162673233742,26,paired
selfishness_gap,mixed|d0000e0400h0600,0.17,106.06292673490461,1.060629267349046,1.0510347383484733,1.071091440731387,28,paired
selfishness_gap_vs_so,mixed|d0000e0400h0600,0.17,6.062895250994686,-0.0978423638085505,-0.11483270532898097,-0.081270064778612,28,paired
selfishness_gap,mixed|d0000e0400h0600,0.28,103.83204162990943,1.0383204162990942,1.0315447702996332,1.0447395992874546,24,paired
selfishness_gap_vs_so,mixed|d0000e0400h0600,0.28,3.84005270143105,-0.06193646323030477,-0.07292421134406446,-0.05051882671754731,24,paired
selfishness_gap,mixed|d0000e0400h0600,0.5,107.57049261125309,1.0757049261125309,1.0686096894321753,1.0831181206762917,33,paired
selfishness_gap_vs_so,mixed|d0000e0400h0600,0.5,7.567185876069338,-0.1217431947833167,-0.13281520000937896,-0.11072430264946323,33,paired
toll_gap,mixed|d0000e0400h0600,0.17,-49.22603013430278,-0.08582979627371794,-0.10720352026373633,-0.06636251994007802,20,paired
toll_gap,mixed|d0000e0400h0600,0.28,-73.96392905766555,-0.12896244010136804,-0.1470058768968343,-0.11240467549539067,15,paired
toll_gap,mixed|d0000e0400h0600,0.5,-27.202699800861687,-0.0474302350937716,-0.06035589688316545,-0.035814446656292596,20,paired
toll_direct,mixed|d0000e0400h0600,0.17,-4.31734537914594,0.0770405560534056,0.06280466090109892,0.0927164502505227,33,paired
toll_direct,mixed|d0000e0400h0600,0.28,-5.626736274226689,0.10040588678083576,0.08519732921040746,0.11513080996702701,32,paired
toll_direct,mixed|d0000e0400h0600,0.5,-3.121089199569689,0.055694049539926654,0.04390766582095507,0.06743853006219874,35,paired
second_best_toll,mixed|d0000e0400h0600,0.28,-5.626736274226689,0.10040588678083576,0.0848975835188753,0.11606860727527654,32,paired
selfishness_gap,mixed|d0000e0500h0500,0.0,109.79153516866691,1.097915351686669,1.0866950966442661,1.1088190021035969,20,paired
selfishness_gap_vs_so,mixed|d0000e0500h0500,0.0,9.788036212767118,-0.1575956225114782,-0.1736269236063059,-0.1404600745073631,20,paired
selfishness_gap,mixed|d0000e0500h0500,0.17,107.48403823631216,1.0748403823631216,1.0669560121914434,1.0827177048774381,22,paired
selfishness_gap_vs_so,mixed|d0000e0500h0500,0.17,7.4831422918633175,-0.12076216069072293,-0.13258020573206272,-0.10797506984992924,22,paired
selfishness_gap,mixed|d0000e0500h0500,0.28,105.2371985394417,1.0523719853944171,1.0418707754513281,1.062470861456117,23,paired
selfishness_gap_vs_so,mixed|d0000e0500h0500,0.28,5.243728369323548,-0.08457644063459879,-0.10120380793395287,-0.06958842917629576,23,paired
selfishness_gap,mixed|d0000e0500h0500,0.5,107.8664711929004,1.078664711929004,1.066875363648515,1.0899844647945187,26,paired
selfishness_gap_vs_so,mixed|d0000e0500h0500,0.5,7.856774582669264,-0.1264021862356261,-0.14371282014645112,-0.10880504734812575,26,paired
toll_gap,mixed|d0000e0500h0500,0.17,-5.9841205839469644,-0.009258769138898892,-0.04230305787829233,0.020627774331561523,10,paired
toll_gap,mixed|d0000e0500h0500,0.28,-36.26561167112514,-0.05611098931473017,-0.0871247790573972,-0.02627336625465542,10,paired
toll_gap,mixed|d0000e0500h0500,0.5,-25.59734698822603,-0.03960480458365946,-0.06498223329247961,-0.014442164958965963,13,paired
toll_direct,mixed|d0000e0500h0500,0.17,-0.6896674389216103,0.012171295662441517,-0.0068756234041859755,0.029593677232853215,20,paired
toll_direct,mixed|d0000e0500h0500,0.28,-3.2582702085717394,0.057502163823568896,0.03788361934632957,0.07742516332494837,19,paired
toll_direct,mixed|d0000e0500h0500,0.5,-2.5578063633301675,0.04514033248263054,0.030288399680953867,0.06173201843495396,20,paired
second_best_toll,mixed|d0000e0500h0500,0.28,-3.2582702085717394,0.057502163823568896,0.03910502568412692,0.07635558849321163,19,paired
selfishness_gap,mixed|d0000e0600h0400,0.0,109.99069548336323,1.0999069548336322,1.0917760148501605,1.107550122988545,26,paired
selfishness_gap_vs_so,mixed|d0000e0600h0400,0.0,10.007045684378351,-0.16112185936473608,-0.17428628319848463,-0.1484011888777278,26,paired
selfishness_gap,mixed|d0000e0600h0400,0.17,109.07173539008497,1.0907173539008497,1.0794348846203616,1.102759339890108,28,paired
selfishness_gap_vs_so,mixed|d0000e0600h0400,0.17,9.073314411848097,-0.14642419056930928,-0.16483772643594144,-0.127746772431173,28,paired
selfishness_gap,mixed|d0000e0600h0400,0.28,106.49474221192838,1.0649474221192838,1.0560784523728346,1.0753275064135845,24,paired
selfishness_gap_vs_so,mixed|d0000e0600h0400,0.28,6.5176601972822095,-0.10512377108943144,-0.12050800975578572,-0.09069689291829514,24,paired
selfishness_gap,mixed|d0000e0600h0400,0.5,108.4862662981015,1.084862662981015,1.0743100960522118,1.0965627168767336,28,paired
selfishness_gap_vs_so,mixed|d0000e0600h0400,0.5,8.477121435695416,-0.1363825156471206,-0.15428913792459306,-0.11920467192403116,28,paired
toll_gap,mixed|d0000e0600h0400,0.17,-3.3819647363961125,-0.005568213783055198,-0.026814758709543956,0.016512712593970264,20,paired
toll_gap,mixed|d0000e0600h0400,0.28,-35.29762831623398,-0.05811554993002542,-0.07642597629901528,-0.0400846647515855,18,paired
toll_gap,mixed|d0000e0600h0400,0.5,-14.45948087065482,-0.02380671797471191,-0.04496414746913538,-0.003186480454757176,20,paired
toll_direct,mixed|d0000e0600h0400,0.17,-0.2651171200619304,0.004705109159573118,-0.015849291526417314,0.025028522611395917,31,paired
toll_direct,mixed|d0000e0600h0400,0.28,-2.680297246449849,0.04756799983985903,0.03189298068702013,0.06254063408091773,31,paired
toll_direct,mixed|d0000e0600h0400,0.5,-1.8795091495699856,0.0333561850440947,0.015524515127523928,0.050002623327091864,29,paired
second_best_toll,mixed|d0000e0600h0400,0.28,-2.680297246449849,0.04756799983985903,0.03202089556173541,0.062131161723785196,31,paired
selfishness_gap,mixed|d0000e0700h0300,0.0,111.78079688635351,1.1178079688635352,1.1067146682715188,1.1291740323723851,20,paired
selfishness_gap_vs_so,mixed|d0000e0700h0300,0.0,11.764561119710853,-0.18941933733518743,-0.20611664500908283,-0.17254939661341537,20,paired
selfishness_gap,mixed|d0000e0700h0300,0.17,111.59904540500338,1.1159904540500338,1.0994138812066463,1.1340022800847764,21,paired
selfishness_gap_vs_so,mixed|d0000e0700h0300,0.17,11.603995466764713,-0.18726405439805266,-0.21567770344760542,-0.1600766881990435,21,paired
selfishness_gap,mixed|d0000e0700h0300,0.28,110.12789980495283,1.1012789980495283,1.0893558777770034,1.1128677472848234,26,paired
selfishness_gap_vs_so,mixed|d0000e0700h0300,0.28,10.138504057647095,-0.16352460046778605,-0.1816708068673505,-0.1455668699885601,26,paired
selfishness_gap,mixed|d0000e0700h0300,0.5,108.00073597591535,1.0800073597591535,1.0684424527018423,1.092262286209271,28,paired
selfishness_gap_vs_so,mixed|d0000e0700h0300,0.5,7.999009103353097,-0.12869049859376236,-0.14645925462745385,-0.11228121557415796,28,paired
toll_gap,mixed|d0000e0700h0300,0.17,-0.3210065192419437,-0.0006357574842220381,-0.04670317919063039,0.034597516448505665,8,paired
toll_gap,mixed|d0000e0700h0300,0.28,-19.720327806647724,-0.039056359428447686,-0.07016342691752644,-0.007742558698572328,14,paired
toll_gap,mixed|d0000e0700h0300,0.5,-27.63947209578895,-0.05474032516953318,-0.07517261719223613,-0.03427119043898198,15,paired
toll_direct,mixed|d0000e0700h0300,0.17,-0.0716043763254525,0.001294704110610772,-0.020978661328691917,0.024631261835128256,18,paired
toll_direct,mixed|d0000e0700h0300,0.28,-1.6163202226023579,0.02922525889695844,0.013037857462953223,0.045340361019554284,27,paired
toll_direct,mixed|d0000e0700h0300,0.5,-3.64496824314673,0.06590596287018177,0.048219135091621866,0.08421033143939735,23,paired
second_best_toll,mixed|d0000e0700h0300,0.5,-3.64496824314673,0.06590596287018177,0.048350253119079055,0.08476758392445993,23,paired
selfishness_gap,mixed|d0000e0750h0250,0.0,111.9240679823993,1.119240679823993,1.109794847233404,1.128549968333313,24,paired
selfishness_gap_vs_so,mixed|d0000e0750h0250,0.0,11.943396791275996,-0.19229874218973886,-0.20723229297075912,-0.17835398849495593,24,paired
selfishness_gap,mixed|d0000e0750h0250,0.17,111.54037287886452,1.1154037287886451,1.105810225652406,1.1244916206617268,28,paired
selfishness_gap_vs_so,mixed|d0000e0750h0250,0.17,11.559770913849059,-0.18655036322964033,-0.2006497315254965,-0.1719803310778847,28,paired
selfishness_gap,mixed|d0000e0750h0250,0.28,109.59521684920104,1.0959521684920104,1.082479723734091,1.1073305442410875,21,paired
selfishness_gap_vs_so,mixed|d0000e0750h0250,0.28,9.618322907595424,-0.15513456439842002,-0.17430999362591762,-0.1343571741986113,21,paired
selfishness_gap,mixed|d0000e0750h0250,0.5,108.2315955818985,1.082315955818985,1.0695030754128179,1.0953414012787606,28,paired
selfishness_gap_vs_so,mixed|d0000e0750h0250,0.5,8.228995242696815,-0.1323905857619831,-0.15215280365570735,-0.11210695086835008,28,paired
toll_gap,mixed|d0000e0750h0250,0.17,-3.9941929055618424,-0.007588867428072118,-0.028506342238726966,0.010726053024219494,19,paired
toll_gap,mixed|d0000e0750h0250,0.28,-32.7758457637549,-0.06227329381055202,-0.08886645070314782,-0.0355160111070211,12,paired
toll_gap,mixed|d0000e0750h0250,0.5,-24.03390628628394,-0.0456638256833672,-0.07956786988823783,-0.011343120931004395,16,paired
toll_direct,mixed|d0000e0750h0250,0.17,0.0106710625813634,-0.0001920878445346847,-0.013474252554201385,0.013298036816661921,26,paired
toll_direct,mixed|d0000e0750h0250,0.28,-1.9843350068944996,0.03571965129084483,0.01574026990597966,0.056280990689611364,21,paired
toll_direct,mixed|d0000e0750h0250,0.5,-2.794333293609018,0.050300282206037175,0.0321390600024263,0.06793460689680723,26,paired
second_best_toll,mixed|d0000e0750h0250,0.5,-2.794333293609018,0.050300282206037175,0.031398656762818576,0.06850685224436162,26,paired
selfishness_gap,mixed|d0000e0800h0200,0.0,113.31142517992284,1.1331142517992283,1.1214698781349655,1.1454555550871406,25,paired
selfishness_gap_vs_so,mixed|d0000e0800h0200,0.0,13.32153967275124,-0.21448800269048773,-0.23070680351926964,-0.19739638915426835,25,paired
selfishness_gap,mixed|d0000e0800h0200,0.17,111.8740490512468,1.118740490512468,1.1088505138010838,1.1288915973363574,27,paired
selfishness_gap_vs_so,mixed|d0000e0800h0200,0.17,11.881096294960075,-0.19173587832400507,-0.20821213586350829,-0.1750026827621306,27,paired
selfishness_gap,mixed|d0000e0800h0200,0.28,110.785534074366,1.10785534074366,1.0964544005194576,1.117710680565371,24,paired
selfishness_gap_vs_so,mixed|d0000e0800h0200,0.28,10.796189173481778,-0.17413244706812914,-0.19142005692598044,-0.15784445842113187,24,paired
selfishness_gap,mixed|d0000e0800h0200,0.5,108.86986083175326,1.0886986083175325,1.0795543274485302,1.0983314245455125,29,paired
selfishness_gap_vs_so,mixed|d0000e0800h0200,0.5,8.867269496521187,-0.1426593366663655,-0.15660396317157635,-0.12814825152976464,29,paired
toll_gap,mixed|d0000e0800h0200,0.17,-11.441747053067896,-0.02394521084237171,-0.05248646520022637,0.002517044998719331,16,paired
toll_gap,mixed|d0000e0800h0200,0.28,-21.67783602489343,-0.045367228607212755,-0.07577286234259144,-0.016661152490380852,17,paired
toll_gap,mixed|d0000e0800h0200,0.5,-31.536439763083855,-0.06599924782835667,-0.09134280338100549,-0.04020596872612419,21,paired
toll_direct,mixed|d0000e0800h0200,0.17,-0.20378652183560653,0.0037076176018357924,-0.01117578844741678,0.02027690938839502,30,paired
toll_direct,mixed|d0000e0800h0200,0.28,-1.446366012491844,0.026314655347706297,0.009306143367315852,0.04406166687733832,27,paired
toll_direct,mixed|d0000e0800h0200,0.5,-3.7711478786811536,0.06861088814010545,0.05361278902309853,0.0854493250638776,29,paired
second_best_toll,mixed|d0000e0800h0200,0.5,-3.7711478786811536,0.06861088814010545,0.053168596366001394,0.08485219127004809,29,paired
selfishness_gap,mixed|d0000e0850h0150,0.0,113.18760273167605,1.1318760273167605,1.1198199330443368,1.144265776389404,19,paired
selfishness_gap_vs_so,mixed|d0000e0850h0150,0.0,13.214997163327656,-0.2127725786021866,-0.23189723419194935,-0.19591462044910046,19,paired
selfishness_gap,mixed|d0000e0850h0150,0.17,113.052413962081,1.13052413962081,1.1160714718979186,1.143333501134551,21,paired
selfishness_gap_vs_so,mixed|d0000e0850h0150,0.17,13.042013825804965,-0.21047064293766296,-0.23069402412514964,-0.18794628831756016,21,paired
selfishness_gap,mixed|d0000e0850h0150,0.28,111.76054566020835,1.1176054566020834,1.1079144734074733,1.1280685345725523,23,paired
selfishness_gap_vs_so,mixed|d0000e0850h0150,0.28,11.772855414042713,-0.18988516126245242,-0.2073473387866297,-0.1738514495674251,23,paired
selfishness_gap,mixed|d0000e0850h0150,0.5,110.25332428788381,1.1025332428788381,1.0919968739363006,1.1125980338203365,28,paired
selfishness_gap_vs_so,mixed|d0000e0850h0150,0.5,10.244722418945944,-0.16482021948145936,-0.18089112874407576,-0.14883296656484063,28,paired
toll_gap,mixed|d0000e0850h0150,0.17,2.347271069777233,0.005139136228547234,-0.02731434448366034,0.03561608787020291,13,paired
toll_gap,mixed|d0000e0850h0150,0.28,-13.097239052413345,-0.02867521206853581,-0.06132367593697301,0.0056781514173968655,12,paired
toll_gap,mixed|d0000e0850h0150,0.5,-23.57861047493243,-0.051623220202696274,-0.07929518046777197,-0.026903111983067794,15,paired
toll_direct,mixed|d0000e0850h0150,0.17,0.4460223161713191,-0.008157859987745176,-0.026550208439569824,0.012411465973520424,20,paired
toll_direct,mixed|d0000e0850h0150,0.28,-1.3252106538440414,0.024238435110442814,0.0021076661540154443,0.04518904246966068,25,paired
toll_direct,mixed|d0000e0850h0150,0.5,-3.5814343583633126,0.06550533233768861,0.05079132238636556,0.0821934718688249,21,paired
second_best_toll,mixed|d0000e0850h0150,0.5,-3.5814343583633126,0.06550533233768861,0.04994652422769044,0.08109475977950395,21,paired
selfishness_gap,mixed|d0000e0900h0100,0.0,114.4165731599248,1.144165731599248,1.130426401031748,1.1580353620833594,26,paired
selfishness_gap_vs_so,mixed|d0000e0900h0100,0.0,14.395794438385147,-0.2317844087157508,-0.2534971724097019,-0.208559782051059,26,paired
selfishness_gap,mixed|d0000e0900h0100,0.17,114.0917057381694,1.140917057381694,1.1257535999479789,1.1540293740371315,22,paired
selfishness_gap_vs_so,mixed|d0000e0900h0100,0.17,14.081137997019102,-0.2272399191651406,-0.25098270358568314,-0.20410741926690357,22,paired
selfishness_gap,mixed|d0000e0900h0100,0.28,111.97597751396127,1.1197597751396127,1.106839153724697,1.1335310007531123,20,paired
selfishness_gap_vs_so,mixed|d0000e0900h0100,0.28,11.9581480020373,-0.19287375763221,-0.21463023756786212,-0.17141721160460444,20,paired
selfishness_gap,mixed|d0000e0900h0100,0.5,108.92537882025405,1.0892537882025406,1.0758495949539337,1.103537357071702,23,paired
selfishness_gap_vs_so,mixed|d0000e0900h0100,0.5,8.943809212610159,-0.14389073096764035,-0.1670394143667912,-0.12242132160961162,23,paired
toll_gap,mixed|d0000e0900h0100,0.17,-0.4748302886077743,-0.0010796454831607345,-0.02571463529213185,0.020311586978762383,13,paired
toll_gap,mixed|d0000e0900h0100,0.28,-18.38095055971217,-0.041793690765136886,-0.08019467372073052,-0.009130459508155386,14,paired
toll_gap,mixed|d0000e0900h0100,0.5,-37.48815395586935,-0.08523869909217474,-0.12173251621514128,-0.048203064403715155,14,paired
toll_direct,mixed|d0000e0900h0100,0.17,0.11155470930557417,-0.002049772272797921,-0.024243540831088147,0.020018296664957816,22,paired
toll_direct,mixed|d0000e0900h0100,0.28,-1.111728475335508,0.020427557185241706,-0.0016168901806010451,0.041664577464520514,25,paired
toll_direct,mixed|d0000e0900h0100,0.5,-4.491271850869812,0.08252528796693955,0.06243482727838519,0.10167284244326054,25,paired
second_best_toll,mixed|d0000e0900h0100,0.5,-4.491271850869812,0.08252528796693955,0.06434288586273866,0.10123950469516486,25,paired
selfishness_gap,mixed|d0050e0750h0200,0.0,112.42113233627839,1.124211323362784,1.1135008037377614,1.1379033319540672,24,paired
selfishness_gap_vs_so,mixed|d0050e0750h0200,0.0,12.412397038964215,-0.1998500409779528,-0.21950450481696424,-0.18243300584105313,24,paired
selfishness_gap,mixed|d0050e0750h0200,0.17,111.0947302697093,1.110947302697093,1.1000633618665185,1.1213758590844098,23,paired
selfishness_gap_vs_so,mixed|d0050e0750h0200,0.17,11.096679767276084,-0.17907704717126408,-0.19662752196778682,-0.1624216007619446,23,paired
selfishness_gap,mixed|d0050e0750h0200,0.28,109.66611140433366,1.0966611140433367,1.0832316402207838,1.1103232633264428,22,paired
selfishness_gap_vs_so,mixed|d0050e0750h0200,0.28,9.65381316146339,-0.15570698904324543,-0.17572153741936627,-0.13392613003266865,22,paired
selfishness_gap,mixed|d0050e0750h0200,0.5,108.26256150993912,1.0826256150993911,1.071596203171296,1.0946372322383093,27,paired
selfishness_gap_vs_so,mixed|d0050e0750h0200,0.5,8.264554237079135,-0.13296266971106066,-0.1515660500968316,-0.11660439991651703,27,paired
toll_gap,mixed|d0050e0750h0200,0.17,-10.900599067886974,-0.02126150454451223,-0.05303675522775489,0.0097460013698626,13,paired
toll_gap,mixed|d0050e0750h0200,0.28,-31.134162300266812,-0.060726858140010616,-0.0914623678122722,-0.03270977309696526,13,paired
toll_gap,mixed|d0050e0750h0200,0.5,-36.71397479195195,-0.07161022408262083,-0.09969812052041628,-0.04622340529473886,16,paired
toll_direct,mixed|d0050e0750h0200,0.17,-1.343348042267393,0.024249220614735747,0.004664873186005468,0.04347433740949151,21,paired
toll_direct,mixed|d0050e0750h0200,0.28,-2.7824870957427015,0.050227596512095574,0.03173583951285286,0.0724086093325736,20,paired
toll_direct,mixed|d0050e0750h0200,0.5,-3.7571059905971014,0.06782076511248572,0.04959375250148347,0.08680990700861291,24,paired
second_best_toll,mixed|d0050e0750h0200,0.5,-3.7571059905971014,0.06782076511248572,0.04889711962295882,0.08510849091097208,24,paired
selfishness_gap,mixed|d0050e0800h0150,0.0,113.24129421211948,1.1324129421211948,1.1228849825287517,1.1418955768441732,26,paired
selfishness_gap_vs_so,mixed|d0050e0800h0150,0.0,13.260249357772768,-0.21350117702566668,-0.22885930562902768,-0.19862066267434647,26,paired
selfishness_gap,mixed|d0050e0800h0150,0.17,111.80515371528573,1.1180515371528572,1.1059380212506214,1.1307117744775157,25,paired
selfishness_gap_vs_so,mixed|d0050e0800h0150,0.17,11.847615822268994,-0.19119557398854992,-0.21107703135030292,-0.17225791761729384,25,paired
selfishness_gap,mixed|d0050e0800h0150,0.28,110.3309557422959,1.103309557422959,1.0930127096152706,1.1139859320347762,23,paired
selfishness_gap_vs_so,mixed|d0050e0800h0150,0.28,10.3359833735569,-0.1667097573756679,-0.18398058933186776,-0.15132032451782887,23,paired
selfishness_gap,mixed|d0050e0800h0150,0.5,108.55294356712781,1.0855294356712781,1.0739354162193473,1.095839974471805,27,paired
selfishness_gap_vs_so,mixed|d0050e0800h0150,0.5,8.52249839253406,-0.13711255397121558,-0.1548387898311469,-0.12070565286509181,27,paired
toll_gap,mixed|d0050e0800h0150,0.17,-8.641738120584503,-0.018355746907409876,-0.040135124250275024,0.0035936851866457645,16,paired
toll_gap,mixed|d0050e0800h0150,0.28,-22.79545790100779,-0.048419386242766,-0.07321732927234963,-0.022311934699526144,15,paired
toll_gap,mixed|d0050e0800h0150,0.5,-32.21284172565047,-0.06842266701834505,-0.09167569571259675,-0.045953187440077085,17,paired
toll_direct,mixed|d0050e0800h0150,0.17,-0.931253911973976,0.01697203012329978,-0.003656316810629031,0.03698303532580682,25,paired
toll_direct,mixed|d0050e0800h0150,0.28,-2.0134762605376455,0.03669544826282445,0.021112437252863225,0.051212471622195645,24,paired
toll_direct,mixed|d0050e0800h0150,0.5,-4.4756491778942555,0.08156835820160929,0.06779002473019047,0.09707568229617528,25,paired
second_best_toll,mixed|d0050e0800h0150,0.5,-4.4756491778942555,0.08156835820160929,0.06729889614057141,0.09632653085117143,25,paired
selfishness_gap,mixed|d0100e0000h0900,0.0,107.22692022799419,1.0722692022799418,1.0634605122811738,1.0812925103892042,22,paired
selfishness_gap_vs_so,mixed|d0100e0000h0900,0.0,7.242703976750356,-0.11661363087250444,-0.13072333276894596,-0.10279306156102301,22,paired
selfishness_gap,mixed|d0100e0000h0900,0.17,104.75239710233977,1.0475239710233977,1.0368606468066957,1.0574037697010399,22,paired
selfishness_gap_vs_so,mixed|d0100e0000h0900,0.17,4.765761988024926,-0.0769093640832398,-0.09183266696902426,-0.05984258445830694,22,paired
selfishness_gap,mixed|d0100e0000h0900,0.28,104.49019897982019,1.044901989798202,1.0366831877785034,1.0532535703833963,24,paired
selfishness_gap_vs_so,mixed|d0100e0000h0900,0.28,4.498398491379908,-0.0725549658869995,-0.08532665522733268,-0.06014535780260389,24,paired
selfishness_gap,mixed|d0100e0000h0900,0.5,108.13038301006905,1.0813038301006905,1.0717773717521668,1.0903690538008137,30,paired
selfishness_gap_vs_so,mixed|d0100e0000h0900,0.5,8.137056522550848,-0.13091144758589363,-0.14501415727407074,-0.11705196458188291,30,paired
toll_gap,mixed|d0100e0000h0900,0.17,-36.37436432533136,-0.043030358275369496,-0.06818205356885836,-0.021162608001376662,14,paired
toll_gap,mixed|d0100e0000h0900,0.28,-41.61246959039878,-0.04922696268126373,-0.07403395121310045,-0.025787834017484787,14,paired
toll_gap,mixed|d0100e0000h0900,0.5,21.988999939632627,0.026012675769581314,0.002288781161814368,0.046917972191434024,16,paired
toll_direct,mixed|d0100e0000h0900,0.17,-2.5199945062039895,0.04355515070113947,0.024262742378996113,0.06369156160371316,20,paired
toll_direct,mixed|d0100e0000h0900,0.28,-2.660079301154188,0.04597635215216367,0.03442058747254325,0.057782108081550244,25,paired
toll_direct,mixed|d0100e0000h0900,0.5,0.6500212534942088,-0.011234855308288537,-0.02603038062194587,0.004442178069208111,23,paired
second_best_toll,mixed|d0100e0000h0900,0.28,-2.660079301154188,0.04597635215216367,0.033250953234981055,0.05913705105961957,25,paired
selfishness_gap,mixed|d0100e0900h0000,0.0,113.20563170364699,1.13205631703647,1.1200128506949567,1.1444884596276468,20,paired
selfishness_gap_vs_so,mixed|d0100e0900h0000,0.0,13.215771220868309,-0.21278504158018618,-0.233084492103678,-0.19373430461312766,20,paired
selfishness_gap,mixed|d0100e0900h0000,0.17,111.42174465941066,1.1142174465941066,1.1013926246248757,1.127012936692157,20,paired
selfishness_gap_vs_so,mixed|d0100e0900h0000,0.17,11.438708442090176,-0.18459666983481354,-0.20254148369266375,-0.16537360423482828,20,paired
selfishness_gap,mixed|d0100e0900h0000,0.28,111.11321725904908,1.1111321725904908,1.0974124915825656,1.1243848340240168,21,paired
selfishness_gap_vs_so,mixed|d0100e0900h0000,0.28,11.150935093958065,-0.17985416741105362,-0.2010957953599972,-0.1584448946662595,21,paired
selfishness_gap,mixed|d0100e0900h0000,0.5,108.46334196358711,1.0846334196358711,1.0757332913056556,1.0937999341156805,29,paired
selfishness_gap_vs_so,mixed|d0100e0900h0000,0.5,8.489648332053925,-0.13658405217713065,-0.15115212208155707,-0.12257282125960238,29,paired
toll_gap,mixed|d0100e0900h0000,0.17,-15.23057972295538,-0.03242772327723972,-0.06118730878950489,0.0010679649446932707,11,paired
toll_gap,mixed|d0100e0900h0000,0.28,-18.79571265189315,-0.040018317080568445,-0.08761656739640086,-0.0012744330648448718,12,paired
toll_gap,mixed|d0100e0900h0000,0.5,-31.166802884728025,-0.06635784571344763,-0.09676510037231284,-0.03727496390739643,16,paired
toll_direct,mixed|d0100e0900h0000,0.17,-1.5068354235669794,0.02746955134467619,0.0023576637903252842,0.05373389345510473,18,paired
toll_direct,mixed|d0100e0900h0000,0.28,-1.911138654413376,0.03483998356630752,0.013522873009230114,0.05608611971360967,23,paired
toll_direct,mixed|d0100e0900h0000,0.5,-3.9914591137020135,0.07276414487553323,0.0540472173555549,0.09274100415974369,26,paired
second_best_toll,mixed|d0100e0900h0000,0.5,-3.9914591137020135,0.07276414487553323,0.05281922074918466,0.09323415414967587,26,paired
selfishness_gap,mixed|d0150e0400h0450,0.0,111.30323969019598,1.1130323969019598,1.1033772692628878,1.123837427936866,22,paired
selfishness_gap_vs_so,mixed|d0150e0400h0450,0.0,11.294837274830874,-0.18185638802306817,-0.1993707043905437,-0.16576464098609806,22,paired
selfishness_gap,mixed|d0150e0400h0450,0.17,105.07881802364633,1.0507881802364634,1.0417430475004676,1.0601717244928466,27,paired
selfishness_gap_vs_so,mixed|d0150e0400h0450,0.17,5.069739227906467,-0.08181491670500564,-0.0958256808568478,-0.06795699577124885,27,paired
selfishness_gap,mixed|d0150e0400h0450,0.28,104.31175722448029,1.043117572244803,1.0332690907530082,1.0526775767020664,16,paired
selfishness_gap_vs_so,mixed|d0150e0400h0450,0.28,4.317179854289035,-0.06963207853999982,-0.08706485086267349,-0.05363149764447461,16,paired
selfishness_gap,mixed|d0150e0400h0450,0.5,108.03111370844638,1.0803111370844638,1.0712896636296818,1.0894914416815602,25,paired
selfishness_gap_vs_so,mixed|d0150e0400h0450,0.5,8.041798416712963,-0.1293789061201968,-0.14261564252057268,-0.115530577720079,25,paired
toll_gap,mixed|d0150e0400h0450,0.17,-48.72679176960217,-0.08797995791288256,-0.11035825037207231,-0.06626687682589177,15,paired
toll_gap,mixed|d0150e0400h0450,0.28,-64.92890047825749,-0.11723410723236857,-0.1496655919902749,-0.08499364689225417,9,paired
toll_gap,mixed|d0150e0400h0450,0.5,-21.28443546441035,-0.038430679885772756,-0.07159182317497502,-0.004560816824113145,13,paired
toll_direct,mixed|d0150e0400h0450,0.17,-5.008327412020881,0.08968120637952465,0.07747394831035759,0.10134508953441075,24,paired
toll_direct,mixed|d0150e0400h0450,0.28,-6.1008828048345505,0.10924496042420068,0.09324696304725892,0.12468736284970816,22,paired
toll_direct,mixed|d0150e0400h0450,0.5,-2.431065241783125,0.04353167150117869,0.02324209683450798,0.06340500029786555,22,paired
second_best_toll,mixed|d0150e0400h0450,0.28,-6.1008828048345505,0.10924496042420068,0.09201918461984149,0.12677060128956424,22,paired
selfishness_gap,mixed|d0150e0450h0400,0.0,110.09664991080916,1.1009664991080916,1.0912711558437895,1.111529203729572,21,paired
selfishness_gap_vs_so,mixed|d0150e0450h0400,0.0,10.083926899658737,-0.16235971164870572,-0.1785707944411199,-0.14780942828498445,21,paired
selfishness_gap,mixed|d0150e0450h0400,0.17,104.28436671852548,1.0428436671852548,1.030861979130115,1.0544633680813624,25,paired
selfishness_gap_vs_so,mixed|d0150e0450h0400,0.17,4.290011926276364,-0.0692317597875188,-0.0868299147249497,-0.05151593430737877,25,paired
selfishness_gap,mixed|d0150e0450h0400,0.28,103.85840701255489,1.0385840701255489,1.029020600266359,1.0477522777826533,21,paired
selfishness_gap_vs_so,mixed|d0150e0450h0400,0.28,3.8551964013153337,-0.062180716964297576,-0.07758555323902455,-0.04687513475728476,21,paired
selfishness_gap,mixed|d0150e0450h0400,0.5,108.5582094381255,1.085582094381255,1.0721065258392761,1.0973131046392586,25,paired
selfishness_gap_vs_so,mixed|d0150e0450h0400,0.5,8.542970852215927,-0.13744192114780698,-0.155711449074087,-0.11796333515611461,25,paired
toll_gap,mixed|d0150e0450h0400,0.17,-47.68218671472724,-0.08036303829753623,-0.10565428713749647,-0.0566026680917558,16,paired
toll_gap,mixed|d0150e0450h0400,0.28,-74.93668069764085,-0.12629746569350903,-0.1680722320436248,-0.08708054909534298,8,paired
toll_gap,mixed|d0150e0450h0400,0.5,-8.115053317728048,-0.013677022500264292,-0.050464825257531425,0.016959090473515216,13,paired
toll_direct,mixed|d0150e0450h0400,0.17,-4.504215096295947,0.08011300973923395,0.06192799126225148,0.09842802510018456,23,paired
toll_direct,mixed|d0150e0450h0400,0.28,-6.0284188126024265,0.10722284898058235,0.08551925358908043,0.1278551910644704,16,paired
toll_direct,mixed|d0150e0450h0400,0.5,-2.3652110638960124,0.042068190116646066,0.014988355636884115,0.07196051686419563,17,paired
second_best_toll,mixed|d0150e0450h0400,0.28,-6.0284188126024265,0.10722284898058235,0.0864158026823752,0.12808344230038962,16,paired
selfishness_gap,mixed|d0200e0000h0800,0.0,106.58694965292568,1.0658694965292568,1.0561847748437492,1.075177451979983,24,paired
selfishness_gap_vs_so,mixed|d0200e0000h0800,0.0,6.605487885276869,-0.10635391539667609,-0.12140672554678619,-0.09049730739244799,24,paired
selfishness_gap,mixed|d0200e0000h0800,0.17,104.42061420565491,1.0442061420565492,1.034945968594105,1.0538618692324022,25,paired
selfishness_gap_vs_so,mixed|d0200e0000h0800,0.17,4.430792824403802,-0.07150366706640829,-0.08633649674995171,-0.055788267043115194,25,paired
selfishness_gap,mixed|d0200e0000h0800,0.28,104.68179974103032,1.0468179974103031,1.0401930966424051,1.053951583107094,27,paired
selfishness_gap_vs_so,mixed|d0200e0000h0800,0.28,4.686910455122643,-0.07559548778048114,-0.08582866469963737,-0.06492029401615908,27,paired
selfishness_gap,mixed|d0200e0000h0800,0.5,108.93807197713666,1.0893807197713665,1.082385892459477,1.0957039221949412,29,paired
selfishness_gap_vs_so,mixed|d0200e0000h0800,0.5,8.9160565812652,-0.1434442381684792,-0.15415929720405835,-0.13334353570830115,29,paired
toll_gap,mixed|d0200e0000h0800,0.17,-26.048871974643397,-0.029272993634915687,-0.04658624710844565,-0.011779141331361272,16,paired
toll_gap,mixed|d0200e0000h0800,0.28,-23.13855686902966,-0.02600246293227492,-0.04302379335832325,-0.009814810344422147,15,paired
toll_gap,mixed|d0200e0000h0800,0.5,38.04684051796955,0.04275597505317393,0.022347124790922848,0.061616815248815515,18,paired
toll_direct,mixed|d0200e0000h0800,0.17,-1.6476761353074287,0.028380585127082546,0.017272589315967403,0.040977155186505645,25,paired
toll_direct,mixed|d0200e0000h0800,0.28,-1.518617424066184,0.026157598666159933,0.01341426873945226,0.037970657672035585,30,paired
toll_direct,mixed|d0200e0000h0800,0.5,1.4895937253379816,-0.0256576766640094,-0.04152721082118677,-0.01030318144355167,29,paired
second_best_toll,mixed|d0200e0000h0800,0.17,-1.6476761353074287,0.028380585127082546,0.016832763606695788,0.040490264200014774,25,paired
selfishness_gap,mixed|d0200e0200h0600,0.0,111.24129582929969,1.112412958292997,1.0999827906447555,1.1256396905066877,24,paired
selfishness_gap_vs_so,mixed|d0200e0200h0600,0.0,11.248048863150805,-0.18110305520893064,-0.20193141123750075,-0.16111586061666938,24,paired
selfishness_gap,mixed|d0200e0200h0600,0.17,104.7809849860247,1.047809849860247,1.039089864282699,1.05658425186962,31,paired
selfishness_gap_vs_so,mixed|d0200e0200h0600,0.17,4.78216793347699,-0.07717412149980257,-0.0899418584856087,-0.0630730161881294,31,paired
selfishness_gap,mixed|d0200e0200h0600,0.28,104.97295959031838,1.0497295959031838,1.0428158564756007,1.0578759113533465,26,paired
selfishness_gap_vs_so,mixed|d0200e0200h0600,0.28,4.978201491785097,-0.08029374011822589,-0.09135765119401038,-0.06912836680532441,26,paired
selfishness_gap,mixed|d0200e0200h0600,0.5,108.37002231219815,1.0837002231219814,1.074146187592913,1.0936310834142118,28,paired
selfishness_gap_vs_so,mixed|d0200e0200h0600,0.5,8.359926619636228,-0.13449704969547677,-0.14987495229981285,-0.11946958610986247,28,paired
toll_gap,mixed|d0200e0200h0600,0.17,-55.16379504111103,-0.09675008064352292,-0.11655959530860696,-0.0771934410160288,20,paired
toll_gap,mixed|d0200e0200h0600,0.28,-47.23337006294307,-0.08284115259382387,-0.10849959411430521,-0.05756600047275127,17,paired
toll_gap,mixed|d0200e0200h0600,0.5,-22.190631638799157,-0.03891946518517282,-0.0635862040362495,-0.012503123312098751,19,paired
toll_direct,mixed|d0200e0200h0600,0.17,-5.450659073799091,0.09731994243311246,0.08230740462601148,0.1130392331510091,31,paired
toll_direct,mixed|d0200e0200h0600,0.28,-5.140285424822299,0.09177831063368982,0.07548878682655796,0.107085645966472,30,paired
toll_direct,mixed|d0200e0200h0600,0.5,-2.6237824364858153,0.04684687708744101,0.032344780103957686,0.06115394582058281,29,paired
second_best_toll,mixed|d0200e0200h0600,0.17,-5.450659073799091,0.09731994243311246,0.0820849183375885,0.11298808321917374,31,paired
selfishness_gap,mixed|d0200e0350h0450,0.0,110.70774091404192,1.1070774091404192,1.0960622418504136,1.1178405095190929,22,paired
selfishness_gap_vs_so,mixed|d0200e0350h0450,0.0,10.743538969185746,-0.17298002122394032,-0.18969328593377058,-0.1556645304079049,22,paired
selfishness_gap,mixed|d0200e0350h0450,0.17,104.97266022451387,1.0497266022451388,1.0389364855282892,1.0604475200338601,21,paired
selfishness_gap_vs_so,mixed|d0200e0350h0450,0.17,4.968662339144416,-0.08018374853971853,-0.0972490305882188,-0.06384586358502177,21,paired
selfishness_gap,mixed|d0200e0350h0450,0.28,103.97350230205646,1.0397350230205646,1.028955473282504,1.0519088503859055,20,paired
selfishness_gap_vs_so,mixed|d0200e0350h0450,0.28,3.9849336913484525,-0.06427325826997839,-0.08155170232503743,-0.04601605632430837,20,paired
selfishness_gap,mixed|d0200e0350h0450,0.5,108.47210659011202,1.0847210659011202,1.0752986925518533,1.095895454430764,24,paired
selfishness_gap_vs_so,mixed|d0200e0350h0450,0.5,8.469213258047935,-0.1362552864726975,-0.1516659896323283,-0.12095034463109565,24,paired
toll_gap,mixed|d0200e0350h0450,0.17,-47.36989204718352,-0.08200710519557308,-0.09873400156044031,-0.06169648137265666,18,paired
toll_gap,mixed|d0200e0350h0450,0.28,-61.27250517984101,-0.10607541121002571,-0.12544897304216968,-0.08701272395725208,12,paired
toll_gap,mixed|d0200e0350h0450,0.5,-15.706611772354952,-0.027191401715641512,-0.05028030495004069,0.000852507396141403,14,paired
toll_direct,mixed|d0200e0350h0450,0.17,-4.9787429383639985,0.08878118873096935,0.07614173268827959,0.10056225150937323,26,paired
toll_direct,mixed|d0200e0350h0450,0.28,-5.799397237373425,0.10341513651763264,0.08865035110171689,0.11774035126194009,24,paired
toll_direct,mixed|d0200e0350h0450,0.5,-1.9046496144578975,0.03396380551897292,0.017287448194630604,0.047647966944057846,21,paired
second_best_toll,mixed|d0200e0350h0450,0.28,-5.799397237373425,0.10341513651763264,0.08950000884914225,0.11779593915694982,24,paired
selfishness_gap,mixed|d0200e0400h0400,0.0,110.97967292371787,1.1097967292371786,1.1013601073603254,1.1192422254979948,24,paired
selfishness_gap_vs_so,mixed|d0200e0400h0400,0.0,10.974872756700957,-0.17670468993775693,-0.19116702157228016,-0.16256395156184,24,paired
selfishness_gap,mixed|d0200e0400h0400,0.17,103.70699637152005,1.0370699637152005,1.0295835039927017,1.044887789227663,33,paired
selfishness_gap_vs_so,mixed|d0200e0400h0400,0.17,3.7089881916526335,-0.05985526006733461,-0.07122170382848077,-0.047527690987753356,33,paired
selfishness_gap,mixed|d0200e0400h0400,0.28,103.86258693325804,1.0386258693325805,1.0290159084950496,1.0470377469896903,29,paired
selfishness_gap_vs_so,mixed|d0200e0400h0400,0.28,3.861269531865587,-0.06227867088739828,-0.07588445570932198,-0.04782924269158696,29,paired
selfishness_gap,mixed|d0200e0400h0400,0.5,107.97171298965338,1.0797171298965338,1.0693206079612045,1.088904550725601,29,paired
selfishness_gap_vs_so,mixed|d0200e0400h0400,0.5,7.968978373016228,-0.1282073550430735,-0.14214743458595985,-0.11352009373516393,29,paired
toll_gap,mixed|d0200e0400h0400,0.17,-72.0235689017589,-0.12602132989484185,-0.14625334325294742,-0.10644780336429713,20,paired
toll_gap,mixed|d0200e0400h0400,0.28,-67.12312352984843,-0.11744690554650748,-0.1422604555190906,-0.09393234421670975,17,paired
toll_gap,mixed|d0200e0400h0400,0.5,-24.445102388817702,-0.04277216971372757,-0.0614723060493729,-0.022304798446562253,19,paired
toll_direct,mixed|d0200e0400h0400,0.17,-6.2955118018816245,0.11237844436109544,0.09660350882276009,0.12777476110917474,33,paired
toll_direct,mixed|d0200e0400h0400,0.28,-5.598084242393388,0.0999289681856369,0.08357779487353945,0.11539947023257964,32,paired
toll_direct,mixed|d0200e0400h0400,0.5,-2.5343729451276555,0.04523998968903039,0.03069136454475072,0.05912241202676603,27,paired
second_best_toll,mixed|d0200e0400h0400,0.17,-6.2955118018816245,0.11237844436109544,0.09546129629281297,0.12745807591164843,33,paired
selfishness_gap,mixed|d0200e0450h0350,0.0,109.71822983744501,1.0971822983744501,1.0860383309140496,1.1071928996237206,22,paired
selfishness_gap_vs_so,mixed|d0200e0450h0350,0.0,9.730907779221821,-0.15667580664116776,-0.1734703447607876,-0.14074404662935902,22,paired
selfishness_gap,mixed|d0200e0450h0350,0.17,104.28281673116253,1.0428281673116253,1.033669131313523,1.0523052508602018,25,paired
selfishness_gap_vs_so,mixed|d0200e0450h0350,0.17,4.286803441948109,-0.0691799816059862,-0.08361290303923814,-0.05303652675119738,25,paired
selfishness_gap,mixed|d0200e0450h0350,0.28,104.50378115947616,1.0450378115947616,1.0342364300204212,1.0550855440395395,20,paired
selfishness_gap_vs_so,mixed|d0200e0450h0350,0.28,4.503815654798349,-0.07264233967297744,-0.08845938908513135,-0.0561953496111921,20,paired
selfishness_gap,mixed|d0200e0450h0350,0.5,108.16300588824012,1.0816300588824013,1.069451120643106,1.093530947215828,26,paired
selfishness_gap_vs_so,mixed|d0200e0450h0350,0.5,8.18035967689726,-0.13160812194286942,-0.15042674861407265,-0.11362894297234286,26,paired
toll_gap,mixed|d0200e0450h0350,0.17,-50.81153469453329,-0.0840085170674198,-0.11275958299349095,-0.05700861733170134,16,paired
toll_gap,mixed|d0200e0450h0350,0.28,-68.78598674130293,-0.11372631777205046,-0.14542360517898617,-0.08107282213291506,11,paired
toll_gap,mixed|d0200e0450h0350,0.5,-16.052392635040984,-0.026539991534616073,-0.05539520359995269,0.0021134777748892802,15,paired
toll_direct,mixed|d0200e0450h0350,0.17,-5.010130462466162,0.08895074477491972,0.06915133301194702,0.10970423162412729,24,paired
toll_direct,mixed|d0200e0450h0350,0.28,-4.972692664888585,0.08828606747715155,0.07295232900300344,0.10790894233808876,21,paired
toll_direct,mixed|d0200e0450h0350,0.5,-1.791884596161154,0.03181343691014063,0.012078855601717026,0.054689400138651804,23,paired
second_best_toll,mixed|d0200e0450h0350,0.17,-5.010130462466162,0.08895074477491972,0.06902519706230816,0.1109313302707816,24,paired
selfishness_gap,mixed|d0200e0600h0200,0.0,110.62196231199796,1.1062196231199797,1.0982141755479737,1.1153457246713252,25,paired
selfishness_gap_vs_so,mixed|d0200e0600h0200,0.0,10.619034132680252,-0.1709753885490857,-0.1850742068839366,-0.15777010280493975,25,paired
selfishness_gap,mixed|d0200e0600h0200,0.17,105.31070023872002,1.0531070023872002,1.042072795499757,1.06445786234245,29,paired
selfishness_gap_vs_so,mixed|d0200e0600h0200,0.17,5.324972658797752,-0.08593384688069566,-0.10410324152865494,-0.06819880109566565,29,paired
selfishness_gap,mixed|d0200e0600h0200,0.28,104.91278533265236,1.0491278533265236,1.0411235888732928,1.0573638352363275,27,paired
selfishness_gap_vs_so,mixed|d0200e0600h0200,0.28,4.916511919116577,-0.07929874493291161,-0.09135247357266918,-0.06622342926853239,27,paired
selfishness_gap,mixed|d0200e0600h0200,0.5,108.02323556266143,1.0802323556266142,1.0722610122014553,1.0891388290615562,29,paired
selfishness_gap_vs_so,mixed|d0200e0600h0200,0.5,8.024227351820384,-0.12909621746806096,-0.1423749391941949,-0.11678355954393886,29,paired
toll_gap,mixed|d0200e0600h0200,0.17,-51.709324900287264,-0.08708525037179234,-0.11166894158886267,-0.06650140211996365,20,paired
toll_gap,mixed|d0200e0600h0200,0.28,-55.62965583168004,-0.09368759920073103,-0.1141466464019232,-0.0751377282210499,16,paired
toll_gap,mixed|d0200e0600h0200,0.5,-17.515491698127995,-0.0294983735111199,-0.05068262675409328,-0.007104380923146167,20,paired
toll_direct,mixed|d0200e0600h0200,0.17,-4.153617582459972,0.07387197354719535,0.057001844072796126,0.09236123126046908,29,paired
toll_direct,mixed|d0200e0600h0200,0.28,-4.4095880372678575,0.07842440098930784,0.06404481218199908,0.0920498986423415,30,paired
toll_direct,mixed|d0200e0600h0200,0.5,-2.1122161961172203,0.03756570648786552,0.017335423591421036,0.05712515192535383,28,paired
second_best_toll,mixed|d0200e0600h0200,0.28,-4.4095880372678575,0.07842440098930784,0.06478672007565349,0.09219566844512182,30,paired
selfishness_gap,mixed|d0200e0800h0000,0.0,112.5909475899614,1.125909475899614,1.1192089241537186,1.1322293625444155,26,paired
selfishness_gap_vs_so,mixed|d0200e0800h0000,0.0,12.593891624240527,-0.20277225658150508,-0.2141541483853338,-0.19256992257050745,26,paired
selfishness_gap,mixed|d0200e0800h0000,0.17,109.38167123353114,1.0938167123353113,1.0807926564836017,1.1059771438840431,26,paired
selfishness_gap_vs_so,mixed|d0200e0800h0000,0.17,9.387447229406066,-0.15149363283200865,-0.1701138166373109,-0.13028026893277025,26,paired
selfishness_gap,mixed|d0200e0800h0000,0.28,107.14282986180727,1.0714282986180728,1.0638752544679335,1.07901224148088,26,paired
selfishness_gap_vs_so,mixed|d0200e0800h0000,0.28,7.1590189243065305,-0.11546828828810775,-0.12783801468495762,-0.10307755445333168,26,paired
selfishness_gap,mixed|d0200e0800h0000,0.5,108.39525684642386,1.0839525684642386,1.073673875818907,1.094409798647932,34,paired
selfishness_gap_vs_so,mixed|d0200e0800h0000,0.5,8.384979830818557,-0.13490011339958946,-0.15238630538912942,-0.11849319680923023,34,paired
toll_gap,mixed|d0200e0800h0000,0.17,-23.884317311551715,-0.04875178531352044,-0.0783825466575837,-0.019875131712208848,19,paired
toll_gap,mixed|d0200e0800h0000,0.28,-45.237965480016165,-0.09233806235003979,-0.1113075316963781,-0.07309789600547957,18,paired
toll_gap,mixed|d0200e0800h0000,0.5,-33.72452964068851,-0.06883726285310715,-0.09569023701123867,-0.04385280958109803,22,paired
toll_direct,mixed|d0200e0800h0000,0.17,-2.7704382924758035,0.050261304838999314,0.03286326200949597,0.06787656417232617,28,paired
toll_direct,mixed|d0200e0800h0000,0.28,-4.640448443748399,0.08418703800562462,0.07155579934654965,0.09817333871880159,30,paired
toll_direct,mixed|d0200e0800h0000,0.5,-4.168902168553805,0.07563224321101823,0.059012317314417494,0.09171504895688229,31,paired
second_best_toll,mixed|d0200e0800h0000,0.28,-4.640448443748399,0.08418703800562462,0.07037807476272809,0.09809079256205457,30,paired
selfishness_gap,mixed|d0250e0350h0400,0.0,111.35744216064836,1.1135744216064836,1.1040854123825028,1.1243825519132902,26,paired
selfishness_gap_vs_so,mixed|d0250e0350h0400,0.0,11.353525912779041,-0.1828013244976317,-0.19877366973869073,-0.16833210166758594,26,paired
selfishness_gap,mixed|d0250e0350h0400,0.17,103.66537426066773,1.0366537426066773,1.0246021601354334,1.0479606554181355,27,paired
selfishness_gap_vs_so,mixed|d0250e0350h0400,0.17,3.6681495535986524,-0.05919621043568085,-0.07657446922856599,-0.039281773355226396,27,paired
selfishness_gap,mixed|d0250e0350h0400,0.28,103.83099025498737,1.0383099025498737,1.029516714134121,1.0470947954960523,25,paired
selfishness_gap_vs_so,mixed|d0250e0350h0400,0.28,3.839551043882143,-0.061928371962619695,-0.07577070631867537,-0.04820394440278062,25,paired
selfishness_gap,mixed|d0250e0350h0400,0.5,108.14844384894747,1.0814844384894746,1.0731875322494522,1.0900429846757584,26,paired
selfishness_gap_vs_so,mixed|d0250e0350h0400,0.5,8.148804713343264,-0.13110045606320825,-0.14408501245163338,-0.1184914071130441,26,paired
toll_gap,mixed|d0250e0350h0400,0.17,-71.29948706169884,-0.12723726980007363,-0.15807147268699875,-0.09975239403391446,17,paired
toll_gap,mixed|d0250e0350h0400,0.28,-66.8828255707658,-0.11935553077366032,-0.15261799174995733,-0.0890974056126761,17,paired
toll_gap,mixed|d0250e0350h0400,0.5,-25.897103477857417,-0.046214592531376594,-0.059352700828708374,-0.03352055121118692,17,paired
toll_direct,mixed|d0250e0350h0400,0.17,-6.173214009087336,0.11041033126592889,0.09492648233543824,0.1287773528430503,32,paired
toll_direct,mixed|d0250e0350h0400,0.28,-5.617376874671494,0.10046896813637965,0.08363363069131445,0.11686643927542491,29,paired
toll_direct,mixed|d0250e0350h0400,0.5,-2.638682674104639,0.04719386493400258,0.0305866086822832,0.06348428128446533,28,paired
second_best_toll,mixed|d0250e0350h0400,0.17,-6.173214009087336,0.11041033126592889,0.0929420751562491,0.12679637782768627,32,paired
selfishness_gap,mixed|d0250e0400h0350,0.0,111.11784537525797,1.1111784537525797,1.0993041930401064,1.1231464598910863,23,paired
selfishness_gap_vs_so,mixed|d0250e0400h0350,0.0,11.110303648028621,-0.17888524129270883,-0.19891779044984384,-0.15995929511749898,23,paired
selfishness_gap,mixed|d0250e0400h0350,0.17,103.96868249159212,1.0396868249159212,1.0260449707169583,1.051787138289552,20,paired
selfishness_gap_vs_so,mixed|d0250e0400h0350,0.17,3.9857791608951,-0.06432208352220126,-0.0843308768667839,-0.04476182054151393,20,paired
selfishness_gap,mixed|d0250e0400h0350,0.28,103.76707009340866,1.0376707009340866,1.0272570030268935,1.0496035329076585,21,paired
selfishness_gap_vs_so,mixed|d0250e0400h0350,0.28,3.777554794653177,-0.06092843037084005,-0.07986759033440806,-0.04383222113894669,21,paired
selfishness_gap,mixed|d0250e0400h0350,0.5,108.13426274546691,1.0813426274546691,1.0714189996802672,1.0915563701778495,23,paired
selfishness_gap_vs_so,mixed|d0250e0400h0350,0.5,8.124973899099517,-0.13071705865394193,-0.1473520480485733,-0.1137897022471574,23,paired
toll_gap,mixed|d0250e0400h0350,0.17,-67.59560636464514,-0.12126645733197089,-0.15228011761989774,-0.08472880024676052,11,paired
toll_gap,mixed|d0250e0400h0350,0.28,-70.46062757368176,-0.1264063028172915,-0.15574454392975035,-0.09894668563510252,12,paired
toll_gap,mixed|d0250e0400h0350,0.5,-24.7667666747608,-0.04443155725261207,-0.06872153915178308,-0.019090322594824318,14,paired
toll_direct,mixed|d0250e0400h0350,0.17,-6.174709139713874,0.1104954376385807,0.09080019476477005,0.13018306288931475,18,paired
toll_direct,mixed|d0250e0400h0350,0.28,-6.40069764359662,0.11453946596004576,0.09705389846361454,0.13191137364267758,21,paired
toll_direct,mixed|d0250e0400h0350,0.5,-2.7946374959964837,0.05000959335480988,0.03433597416532942,0.06729019111024805,20,paired
second_best_toll,mixed|d0250e0400h0350,0.17,-6.174709139713874,0.1104954376385807,0.09150414372279947,0.1301632440246716,18,paired
selfishness_gap,mixed|d0300e0000h0700,0.0,107.49085593635999,1.0749085593635999,1.0675072962590582,1.0819541420764696,23,paired
selfishness_gap_vs_so,mixed|d0300e0000h0700,0.0,7.483395152689279,-0.12048896141691308,-0.13170752865863553,-0.10973846115015931,23,paired
selfishness_gap,mixed|d0300e0000h0700,0.17,105.19474776416374,1.0519474776416373,1.0428408525387376,1.0620568452472132,25,paired
selfishness_gap_vs_so,mixed|d0300e0000h0700,0.17,5.20605018483242,-0.08401468854445028,-0.1000902832020507,-0.06867607162806721,25,paired
selfishness_gap,mixed|d0300e0000h0700,0.28,105.98311825856351,1.059831182585635,1.0444831165860522,1.0720780145831648,16,paired
selfishness_gap_vs_so,mixed|d0300e0000h0700,0.28,5.98249553771398,-0.09649206500707641,-0.11568968398325563,-0.07339863054748594,16,paired
selfishness_gap,mixed|d0300e0000h0700,0.5,109.43636405610131,1.094363640561013,1.083925643719137,1.1054923878752674,29,paired
selfishness_gap_vs_so,mixed|d0300e0000h0700,0.5,9.420141843198865,-0.1515541156362792,-0.16769101529453231,-0.1361234265404869,29,paired
toll_gap,mixed|d0300e0000h0700,0.17,-41.29478551320443,-0.046599597573952586,-0.06800523647044741,-0.026772481246123737,14,paired
toll_gap,mixed|d0300e0000h0700,0.28,-25.202918545532846,-0.02844053667588117,-0.059396023982028104,0.00394925363648992,11,paired
toll_gap,mixed|d0300e0000h0700,0.5,37.18571487497504,0.041962667371634274,0.022193404506694117,0.062209650859866565,16,paired
toll_direct,mixed|d0300e0000h0700,0.17,-1.8743789881908404,0.03229424506809421,0.018253286230400505,0.04656820532219302,25,paired
toll_direct,mixed|d0300e0000h0700,0.28,-1.1867366945604994,0.02044664706918641,0.00027226724221294374,0.04046949740421637,21,paired
toll_direct,mixed|d0300e0000h0700,0.5,1.729386506270207,-0.029796125544947157,-0.04090549390538943,-0.01862504009345179,28,paired
second_best_toll,mixed|d0300e0000h0700,0.17,-1.8743789881908404,0.03229424506809421,0.01868457952272737,0.046160431233736345,25,paired
selfishness_gap,mixed|d0300e0700h0000,0.0,110.70189164719602,1.1070189164719602,1.0964964130302275,1.1166942496110883,23,paired
selfishness_gap_vs_so,mixed|d0300e0700h0000,0.0,10.711227936648527,-0.17245978640093776,-0.19004312111038876,-0.15605164571481478,23,paired
selfishness_gap,mixed|d0300e0700h0000,0.17,105.7361320777602,1.057361320777602,1.0474768376364507,1.0677755298480347,27,paired
selfishness_gap_vs_so,mixed|d0300e0700h0000,0.17,5.734032414652374,-0.09253521005700956,-0.11036449850040159,-0.07704062521300463,27,paired
selfishness_gap,mixed|d0300e0700h0000,0.28,105.1008101506887,1.051008101506887,1.0431141941248898,1.0588121890364053,19,paired
selfishness_gap_vs_so,mixed|d0300e0700h0000,0.28,5.119602711541347,-0.082574409715518,-0.09460698098764855,-0.07117698226412451,19,paired
selfishness_gap,mixed|d0300e0700h0000,0.5,108.28761836687902,1.0828761836687901,1.0704484218461672,1.0960336213250106,23,paired
selfishness_gap_vs_so,mixed|d0300e0700h0000,0.5,8.297644377800642,-0.1334950339893065,-0.15383834261437468,-0.11428257986419817,23,paired
toll_gap,mixed|d0300e0700h0000,0.17,-57.84880869760995,-0.09846345090598366,-0.1131438284303897,-0.08356862756824227,17,paired
toll_gap,mixed|d0300e0700h0000,0.28,-52.50008136811038,-0.08935947516863312,-0.1301394811949224,-0.048729078132601265,11,paired
toll_gap,mixed|d0300e0700h0000,0.5,-25.479538922396653,-0.04336827993998354,-0.07665586106013476,-0.005910311949812655,14,paired
toll_direct,mixed|d0300e0700h0000,0.17,-4.40192557062495,0.07836714812549324,0.05919342979384034,0.09747798864464005,24,paired
toll_direct,mixed|d0300e0700h0000,0.28,-4.4244024234944055,0.07876730183776182,0.057857689135846976,0.09840016178554638,19,paired
toll_direct,mixed|d0300e0700h0000,0.5,-2.5420408367152594,0.045255760824605425,0.027874295220699688,0.06074468670532662,21,paired
second_best_toll,mixed|d0300e0700h0000,0.28,-4.4244024234944055,0.07876730183776182,0.058176409131625334,0.09783119648383916,19,paired
selfishness_gap,mixed|d0340e0330h0330,0.0,110.03096997734067,1.1003096997734068,1.0924178981699995,1.1091665876287522,22,paired
selfishness_gap_vs_so,mixed|d0340e0330h0330,0.0,10.053137872812746,-0.16186398239854344,-0.17539075107478871,-0.14881296850091158,22,paired
selfishness_gap,mixed|d0340e0330h0330,0.17,104.02086507152947,1.0402086507152948,1.0306552377063642,1.0485843429438235,25,paired
selfishness_gap_vs_so,mixed|d0340e0330h0330,0.17,4.027781528430705,-0.06499991329743363,-0.07789847052670014,-0.0505049393151636,25,paired
selfishness_gap,mixed|d0340e0330h0330,0.28,105.62813969258846,1.0562813969258846,1.0444832272480444,1.0674651319794544,23,paired
selfishness_gap_vs_so,mixed|d0340e0330h0330,0.28,5.646555588868476,-0.09107366742063026,-0.10961234617720332,-0.07389194952500387,23,paired
selfishness_gap,mixed|d0340e0330h0330,0.5,109.02096397885921,1.090209639788592,1.0794892088218224,1.1008583595418073,24,paired
selfishness_gap_vs_so,mixed|d0340e0330h0330,0.5,9.001142056597452,-0.14481311925138793,-0.1612128986357658,-0.1277340895881805,24,paired
toll_gap,mixed|d0340e0330h0330,0.17,-58.74014733711857,-0.09807165959008764,-0.12044857162709295,-0.07611945256713316,19,paired
toll_gap,mixed|d0340e0330h0330,0.28,-40.40800836245871,-0.06746459824305336,-0.09860578310049867,-0.04059966598653349,17,paired
toll_gap,mixed|d0340e0330h0330,0.5,-6.970120755746664,-0.011637207958234634,-0.03537381395167423,0.012865563260632991,17,paired
toll_direct,mixed|d0340e0330h0330,0.17,-5.560074629389232,0.09880489827651352,0.08184591757920309,0.11441554646829738,28,paired
toll_direct,mixed|d0340e0330h0330,0.28,-3.940138105309235,0.07001793512495684,0.05362300754450822,0.08717939466179478,27,paired
toll_direct,mixed|d0340e0330h0330,0.5,-1.5617946890764078,0.027753757938307505,0.008608480985148713,0.04492530706869032,24,paired
second_best_toll,mixed|d0340e0330h0330,0.17,-5.560074629389232,0.09880489827651352,0.08228489407606097,0.114618291182384,28,paired
selfishness_gap,mixed|d0400e0000h0600,0.0,107.63349209810222,1.0763349209810222,1.0680088630701843,1.0854235077700707,27,paired
selfishness_gap_vs_so,mixed|d0400e0000h0600,0.0,7.6350730407134435,-0.12293110309526277,-0.1367719508963504,-0.10932891203447376,27,paired
selfishness_gap,mixed|d0400e0000h0600,0.17,105.35868493306964,1.0535868493306964,1.0442856470242996,1.061851709765103,28,paired
selfishness_gap_vs_so,mixed|d0400e0000h0600,0.17,5.362599059194434,-0.08654105775998873,-0.10085495388246159,-0.07224263619876467,28,paired
selfishness_gap,mixed|d0400e0000h0600,0.28,106.05890755777656,1.0605890755777656,1.052056487858956,1.069818421789479,26,paired
selfishness_gap_vs_so,mixed|d0400e0000h0600,0.28,6.067593212961512,-0.09786461102239256,-0.11194709335159986,-0.08386862996585727,26,paired
selfishness_gap,mixed|d0400e0000h0600,0.5,109.18134907653408,1.0918134907653407,1.082414681058735,1.1009281166796618,31,paired
selfishness_gap_vs_so,mixed|d0400e0000h0600,0.5,9.165074486683784,-0.14745051419505084,-0.16160967266250978,-0.1336374866772902,31,paired
toll_gap,mixed|d0400e0000h0600,0.17,-26.514274328547412,-0.03285672457688873,-0.054960274660826335,-0.01411790834876702,21,paired
toll_gap,mixed|d0400e0000h0600,0.28,-16.33563766625695,-0.020243267491962286,-0.03707044866798058,-0.001726140147689484,19,paired
toll_gap,mixed|d0400e0000h0600,0.5,21.214565549342712,0.02628927831989031,0.004655436671238088,0.04620073542754885,22,paired
toll_direct,mixed|d0400e0000h0600,0.17,-2.0207906052312965,0.035040611520381,0.02150830856957446,0.05029739896236611,32,paired
toll_direct,mixed|d0400e0000h0600,0.28,-0.9741237220519956,0.016891354714757625,0.006342760603855775,0.02719113753908994,35,paired
toll_direct,mixed|d0400e0000h0600,0.5,0.9125242295540011,-0.01582321639261425,-0.026816788023644435,-0.004335000699553659,30,paired
second_best_toll,mixed|d0400e0000h0600,0.17,-2.0207906052312965,0.035040611520381,0.022202989534009916,0.04996155181227555,32,paired
selfishness_gap,mixed|d0400e0200h0400,0.0,109.52482060512799,1.0952482060512798,1.0853007704215991,1.1065961653624794,28,paired
selfishness_gap_vs_so,mixed|d0400e0200h0400,0.0,9.524351832921898,-0.15335008202869402,-0.1693808902293391,-0.1365540963723277,28,paired
selfishness_gap,mixed|d0400e0200h0400,0.17,104.58744194367158,1.0458744194367158,1.0376858917818248,1.0551527539859924,29,paired
selfishness_gap_vs_so,mixed|d0400e0200h0400,0.17,4.593311606096538,-0.07412637801650994,-0.08611729021133924,-0.061176746870861054,29,paired
selfishness_gap,mixed|d0400e0200h0400,0.28,105.68031366832629,1.0568031366832629,1.047953501171894,1.0664041422903687,24,paired
selfishness_gap_vs_so,mixed|d0400e0200h0400,0.28,5.692182682553629,-0.09180958982327932,-0.10557926710612849,-0.07762023095583798,24,paired
selfishness_gap,mixed|d0400e0200h0400,0.5,108.93164645357687,1.0893164645357687,1.0794675272882257,1.0984740640364037,29,paired
selfishness_gap_vs_so,mixed|d0400e0200h0400,0.5,8.934109098186838,-0.14373467256772798,-0.1584877770269187,-0.12954019730530925,29,paired
toll_gap,mixed|d0400e0200h0400,0.17,-48.07190949531043,-0.07242052535576024,-0.09238740977112402,-0.054405808315694734,20,paired
toll_gap,mixed|d0400e0200h0400,0.28,-49.72716387657477,-0.07491417275082121,-0.09751176819159121,-0.051212816351222025,16,paired
toll_gap,mixed|d0400e0200h0400,0.5,-3.0142929092659965,-0.004541044413608782,-0.02306825354222906,0.0156437661473081,21,paired
toll_direct,mixed|d0400e0200h0400,0.17,-4.342154975098639,0.07645382425462163,0.062371631656830566,0.09178513559338142,32,paired
toll_direct,mixed|d0400e0200h0400,0.28,-3.4274738060713434,0.06034871659566799,0.04545006583577463,0.07400144524413405,28,paired
toll_direct,mixed|d0400e0200h0400,0.5,-0.7768537855200179,0.013678333253947428,0.0013319242241183254,0.02660676406975206,30,paired
second_best_toll,mixed|d0400e0200h0400,0.17,-4.342154975098639,0.07645382425462163,0.06190270575374899,0.0919018335170396,32,paired
selfishness_gap,mixed|d0400e0400h0200,0.0,111.14118800119033,1.1114118800119033,1.1032511157673512,1.1191290002414265,24,paired
selfishness_gap_vs_so,mixed|d0400e0400h0200,0.0,11.139384361443055,-0.17935346525857931,-0.19093571298424059,-0.1661985928366707,24,paired
selfishness_gap,mixed|d0400e0400h0200,0.17,104.31287251112542,1.0431287251112542,1.036655721690287,1.0498051977497007,27,paired
selfishness_gap_vs_so,mixed|d0400e0400h0200,0.17,4.320922698629044,-0.06973059457006564,-0.08139290944652396,-0.05832197738678102,27,paired
selfishness_gap,mixed|d0400e0400h0200,0.28,104.87997993913712,1.0487997993913711,1.0408916608479424,1.0565186052723257,27,paired
selfishness_gap_vs_so,mixed|d0400e0400h0200,0.28,4.88469017138383,-0.07878548986543848,-0.09072591131072699,-0.06699812093023083,27,paired
selfishness_gap,mixed|d0400e0400h0200,0.5,109.09313888175696,1.0909313888175696,1.0827611969477366,1.0991881243390134,27,paired
selfishness_gap_vs_so,mixed|d0400e0400h0200,0.5,9.083195936021491,-0.14613322709452134,-0.15874872149014338,-0.13166364508108955,27,paired
toll_gap,mixed|d0400e0400h0200,0.17,-57.044584286613464,-0.10175131178110691,-0.12047326699407696,-0.08117292056927884,18,paired
toll_gap,mixed|d0400e0400h0200,0.28,-61.11089484578984,-0.10900445313851809,-0.12962628486130234,-0.08544386322585568,18,paired
toll_gap,mixed|d0400e0400h0200,0.5,-18.20387017077083,-0.032470526212662096,-0.052607610975110304,-0.010149892681977534,16,paired
toll_direct,mixed|d0400e0400h0200,0.17,-5.814329553145662,0.10398671026984466,0.09153597575576843,0.11673894176900791,28,paired
toll_direct,mixed|d0400e0400h0200,0.28,-5.419928097045539,0.09693301481439878,0.0824679080522559,0.11208965668148696,29,paired
toll_direct,mixed|d0400e0400h0200,0.5,-1.9170086201538208,0.03428485058279532,0.021723501968560377,0.04723469106338321,27,paired
second_best_toll,mixed|d0400e0400h0200,0.17,-5.814329553145662,0.10398671026984466,0.09106973654766276,0.11639075814834823,28,paired
selfishness_gap,mixed|d0400e0600h0000,0.0,111.15726980295739,1.111572698029574,1.101191493203789,1.1232780662543331,26,paired
selfishness_gap_vs_so,mixed|d0400e0600h0000,0.0,11.152007554303227,-0.17955670928972484,-0.19553899793284096,-0.16128554527906264,26,paired
selfishness_gap,mixed|d0400e0600h0000,0.17,104.68891778164607,1.0468891778164606,1.0379851983911685,1.0556888634954513,28,paired
selfishness_gap_vs_so,mixed|d0400e0600h0000,0.17,4.686416578342527,-0.07562889623425129,-0.08934526605400564,-0.062254371359927424,28,paired
selfishness_gap,mixed|d0400e0600h0000,0.28,105.4291606309495,1.054291606309495,1.046001164289891,1.0628858690366798,24,paired
selfishness_gap_vs_so,mixed|d0400e0600h0000,0.28,5.4190633201721985,-0.08740442961823376,-0.10121094136569621,-0.0744091024101557,24,paired
selfishness_gap,mixed|d0400e0600h0000,0.5,107.8548259082646,1.078548259082646,1.06895717302994,1.0885440814995007,29,paired
selfishness_gap_vs_so,mixed|d0400e0600h0000,0.5,7.848845199315369,-0.12627461589732933,-0.1426350203080074,-0.10987445321268197,29,paired
toll_gap,mixed|d0400e0600h0000,0.17,-60.07283556649568,-0.10739428139616862,-0.141471207762968,-0.0787148359866672,17,paired
toll_gap,mixed|d0400e0600h0000,0.28,-58.0988578966755,-0.10386533338924857,-0.13759613229994322,-0.06884114122429241,15,paired
toll_gap,mixed|d0400e0600h0000,0.5,-28.771198348547305,-0.051435264248990684,-0.07822788921861135,-0.020457417706458893,21,paired
toll_direct,mixed|d0400e0600h0000,0.17,-5.801459450190118,0.10377985004848549,0.08750494054421794,0.12142828801149531,30,paired
toll_direct,mixed|d0400e0600h0000,0.28,-4.95434491764771,0.08862617709499049,0.07142592020120345,0.1056855210425197,29,paired
toll_direct,mixed|d0400e0600h0000,0.5,-2.944977632625624,0.05268145709438947,0.03379578670180948,0.07101770065799504,30,paired
second_best_toll,mixed|d0400e0600h0000,0.17,-5.801459450190118,0.10377985004848549,0.08678128840772417,0.11911286911856367,30,paired
selfishness_gap,mixed|d0500e0000h0500,0.0,108.03554820643728,1.0803554820643728,1.0680978179465372,1.0925785030333413,22,paired
selfishness_gap_vs_so,mixed|d0500e0000h0500,0.0,8.040746199489913,-0.1294627824437908,-0.14922801188459148,-0.11016329835620853,22,paired
selfishness_gap,mixed|d0500e0000h0500,0.17,105.30622997637312,1.0530622997637311,1.0460985100828784,1.0607701180394309,26,paired
selfishness_gap_vs_so,mixed|d0500e0000h0500,0.17,5.322883426518202,-0.08590013107062244,-0.0981495910685952,-0.07386313203184927,26,paired
selfishness_gap,mixed|d0500e0000h0500,0.28,106.27345737030576,1.0627345737030576,1.0540148284706996,1.0726213071719963,24,paired
selfishness_gap_vs_so,mixed|d0500e0000h0500,0.28,6.27049579070381,-0.10113724007797469,-0.1176832398071191,-0.08617496465312709,24,paired
selfishness_gap,mixed|d0500e0000h0500,0.5,109.97348202444415,1.0997348202444415,1.0888082604605673,1.1101516700368936,21,paired
selfishness_gap_vs_so,mixed|d0500e0000h0500,0.5,9.982174695185892,-0.16059627161006923,-0.17615220908288334,-0.14501181674474026,21,paired
toll_gap,mixed|d0500e0000h0500,0.17,-27.46044048689184,-0.036907346939614,-0.051836996066863955,-0.01963254787747046,13,paired
toll_gap,mixed|d0500e0000h0500,0.28,-27.064155386745583,-0.036374732334066094,-0.06313185256328813,-0.01084512126861593,12,paired
toll_gap,mixed|d0500e0000h0500,0.5,14.177388556203603,0.01905467606724267,-0.01989454338904691,0.05862743922197534,10,paired
toll_direct,mixed|d0500e0000h0500,0.17,-2.570933181415472,0.04484957081530097,0.027753980631174454,0.061749822870888954,24,paired
toll_direct,mixed|d0500e0000h0500,0.28,-1.4832135925483005,0.025874454277566017,0.0035345996759486562,0.047457578305303914,24,paired
toll_direct,mixed|d0500e0000h0500,0.5,1.3325536293560891,-0.023246212230256358,-0.045557673264193944,-0.0010274711554153293,19,paired
second_best_toll,mixed|d0500e0000h0500,0.17,-2.570933181415472,0.04484957081530097,0.028335779328958133,0.061840132108823304,24,paired
selfishness_gap,mixed|d0500e0500h0000,0.0,110.65149987704092,1.1065149987704093,1.0973473264383813,1.1161272900233672,23,paired
selfishness_gap_vs_so,mixed|d0500e0500h0000,0.0,10.670696601792182,-0.1718071977908164,-0.18607234486665372,-0.15681704560116466,23,paired
selfishness_gap,mixed|d0500e0500h0000,0.17,104.7218760364813,1.047218760364813,1.0372932814955873,1.0564363054764243,25,paired
selfishness_gap_vs_so,mixed|d0500e0500h0000,0.17,4.7285870111883535,-0.07630943822972588,-0.09013578452938638,-0.06184392747356892,25,paired
selfishness_gap,mixed|d0500e0500h0000,0.28,105.04805834425328,1.0504805834425328,1.0413212145876858,1.0591753501777046,22,paired
selfishness_gap_vs_so,mixed|d0500e0500h0000,0.28,5.053256604937236,-0.08150430898730975,-0.09542834867476328,-0.06659506551711956,22,paired
selfishness_gap,mixed|d0500e0500h0000,0.5,108.72447396402552,1.0872447396402551,1.0784644081907682,1.0958777586732549,27,paired
selfishness_gap_vs_so,mixed|d0500e0500h0000,0.5,8.715292823050376,-0.1402142895822983,-0.15430593169036103,-0.12787003385203438,27,paired
toll_gap,mixed|d0500e0500h0000,0.17,-52.546307076476545,-0.08923196680475307,-0.10842247209671198,-0.07133354878832569,15,paired
toll_gap,mixed|d0500e0500h0000,0.28,-54.19273760748791,-0.09202786708135514,-0.11975336662287432,-0.06675643721439901,14,paired
toll_gap,mixed|d0500e0500h0000,0.5,-20.166847127158448,-0.034246506244255716,-0.05220979217796383,-0.014560515967602907,17,paired
toll_direct,mixed|d0500e0500h0000,0.17,-4.991154104757302,0.08883755420142159,0.07428816570674386,0.10327611636735981,25,paired
toll_direct,mixed|d0500e0500h0000,0.28,-4.532328370163208,0.08067091474078888,0.06391918126012602,0.09911125162018342,24,paired
toll_direct,mixed|d0500e0500h0000,0.5,-1.9465887245392464,0.034647333601521856,0.019355798940649222,0.05053436873579476,28,paired
second_best_toll,mixed|d0500e0500h0000,0.17,-4.991154104757302,0.08883755420142159,0.07504138254667404,0.10321572219765127,25,paired
selfishness_gap,mixed|d0600e0000h0400,0.0,108.0328143581454,1.080328143581454,1.0689033228243001,1.0931304737333736,25,paired
selfishness_gap_vs_so,mixed|d0600e0000h0400,0.0,8.026399795758156,-0.12923179326702844,-0.1481449205471366,-0.111128284426606,25,paired
selfishness_gap,mixed|d0600e0000h0400,0.17,104.71846447242173,1.0471846447242172,1.0382020297357117,1.0551848892406892,29,paired
selfishness_gap_vs_so,mixed|d0600e0000h0400,0.17,4.727069034609594,-0.07628494128387357,-0.09006863693122898,-0.062053543514803765,29,paired
selfishness_gap,mixed|d0600e0000h0400,0.28,106.7578914868464,1.067578914868464,1.0609360814376312,1.0739602624529434,27,paired
selfishness_gap_vs_so,mixed|d0600e0000h0400,0.28,6.760934587104118,-0.10904755976411924,-0.11979794698862138,-0.09767669976293275,27,paired
selfishness_gap,mixed|d0600e0000h0400,0.5,109.56538635644803,1.0956538635644804,1.0853199660907973,1.1059761430682742,32,paired
selfishness_gap_vs_so,mixed|d0600e0000h0400,0.5,9.559034127100862,-0.15378865706950273,-0.16858086074397194,-0.13731843981250286,32,paired
toll_gap,mixed|d0600e0000h0400,0.17,-38.24377016847512,-0.04923645354149351,-0.07193524227722849,-0.028765050414397753,19,paired
toll_gap,mixed|d0600e0000h0400,0.28,-16.623961535677214,-0.021402306995915672,-0.04527422641655207,0.002052497582479957,18,paired
toll_gap,mixed|d0600e0000h0400,0.5,23.439216545358356,0.03017652002928973,0.009561307725222162,0.050840785445793,21,paired
toll_direct,mixed|d0600e0000h0400,0.17,-2.8213351895972214,0.04905816349077694,0.035511510402149726,0.06124731147688316,31,paired
toll_direct,mixed|d0600e0000h0400,0.28,-0.9691041958203127,0.016851054158133566,0.002644498091143058,0.030333894106147147,32,paired
toll_direct,mixed|d0600e0000h0400,0.5,1.3714838945505083,-0.023847744632367378,-0.03820020883394013,-0.010560964361112521,32,paired
second_best_toll,mixed|d0600e0000h0400,0.17,-2.8213351895972214,0.04905816349077694,0.03610774495272246,0.06160878839030988,31,paired
selfishness_gap,mixed|d0600e0200h0200,0.0,109.45397469809276,1.0945397469809277,1.085252419723719,1.1034416940163214,24,paired
selfishness_gap_vs_so,mixed|d0600e0200h0200,0.0,9.453199576626057,-0.15220447080696467,-0.16647406444817794,-0.13813666461150448,24,paired
selfishness_gap,mixed|d0600e0200h0200,0.17,105.61217648455114,1.0561217648455115,1.047512726564494,1.0649144069085739,29,paired
selfishness_gap_vs_so,mixed|d0600e0200h0200,0.17,5.6123291811758556,-0.09057117611719626,-0.10379180530026617,-0.07639839943499202,29,paired
selfishness_gap,mixed|d0600e0200h0200,0.28,105.65716315297982,1.0565716315297982,1.0484385854381346,1.0657484842033789,26,paired
selfishness_gap_vs_so,mixed|d0600e0200h0200,0.28,5.665952966913157,-0.09138652901015507,-0.1059245450534859,-0.07727476503389898,26,paired
selfishness_gap,mixed|d0600e0200h0200,0.5,109.31141544180873,1.0931141544180873,1.0843472233370646,1.1020070031584883,31,paired
selfishness_gap_vs_so,mixed|d0600e0200h0200,0.5,9.283633823858942,-0.1493579329786626,-0.16276777703309822,-0.13642038847151963,31,paired
toll_gap,mixed|d0600e0200h0200,0.17,-39.64071707967108,-0.05816869310368917,-0.0731584016793066,-0.04223066717864861,17,paired
toll_gap,mixed|d0600e0200h0200,0.28,-44.093492695485104,-0.06470268535552726,-0.08927836089009226,-0.03470362259133321,16,paired
toll_gap,mixed|d0600e0200h0200,0.5,4.078359944953777,0.0059845755950276415,-0.014160257308041957,0.026765330392433534,19,paired
toll_direct,mixed|d0600e0200h0200,0.17,-3.3699178395435214,0.05920352333475995,0.04739013097876999,0.07187054754613366,33,paired
toll_direct,mixed|d0600e0200h0200,0.28,-2.798345821429139,0.049162009291048296,0.03611557341349997,0.06383155894003169,32,paired
toll_direct,mixed|d0600e0200h0200,0.5,-0.19943690756502538,0.003503755335601218,-0.0074640493022904595,0.015742402470560163,30,paired
second_best_toll,mixed|d0600e0200h0200,0.17,-3.3699178395435214,0.05920352333475995,0.047337233446928854,0.07236402558805688,33,paired
selfishness_gap,mixed|d0600e0400h0000,0.0,110.42242128972993,1.1042242128972992,1.0953859225544984,1.1133603421108125,25,paired
selfishness_gap_vs_so,mixed|d0600e0400h0000,0.0,10.414517496144986,-0.16768249854049663,-0.1834038769477017,-0.1549763078718248,25,paired
selfishness_gap,mixed|d0600e0400h0000,0.17,104.3096299933025,1.0430962999330249,1.0352417012279977,1.050769110804997,26,paired
selfishness_gap_vs_so,mixed|d0600e0400h0000,0.17,4.319843794004021,-0.06971318332107221,-0.08234452317145291,-0.05667216068992676,26,paired
selfishness_gap,mixed|d0600e0400h0000,0.28,105.44872555283004,1.0544872555283005,1.0449348343739762,1.0637971210421269,22,paired
selfishness_gap_vs_so,mixed|d0600e0400h0000,0.28,5.462488408688244,-0.08810483573431245,-0.10352657466216396,-0.07194566996719926,22,paired
selfishness_gap,mixed|d0600e0400h0000,0.5,108.86897455514833,1.0886897455514832,1.0789315119268412,1.0990836355879239,27,paired
selfishness_gap_vs_so,mixed|d0600e0400h0000,0.5,8.857027947218768,-0.1424945674969507,-0.15779369518508038,-0.1270373145304146,27,paired
toll_gap,mixed|d0600e0400h0000,0.17,-53.75727866355644,-0.09113495331302011,-0.12149046735261758,-0.0650485875556219,16,paired
toll_gap,mixed|d0600e0400h0000,0.28,-51.45167278600364,-0.08722624942709507,-0.11436890825673234,-0.059209253221235214,15,paired
toll_gap,mixed|d0600e0400h0000,0.5,-12.482714026391399,-0.02116200053828581,-0.04100166733534265,-0.0008910863653595483,20,paired
toll_direct,mixed|d0600e0400h0000,0.17,-5.202802551668566,0.09258983503411986,0.07590619885231127,0.11131572684191422,27,paired
toll_direct,mixed|d0600e0400h0000,0.28,-4.015763241312672,0.07146510988197667,0.05998739064355844,0.08364648048612308,28,paired
toll_direct,mixed|d0600e0400h0000,0.5,-1.586598204697827,0.028235333664793798,0.01169819084888681,0.043104366014927516,28,paired
second_best_toll,mixed|d0600e0400h0000,0.17,-5.202802551668566,0.09258983503411986,0.07596788765205363,0.11106228841531728,27,paired
selfishness_gap,mixed|d0700e0000h0300,0.0,108.28282092942882,1.0828282092942882,1.0702336738404017,1.094950323999634,22,paired
selfishness_gap_vs_so,mixed|d0700e0000h0300,0.0,8.289423129769478,-0.13346669035542408,-0.15263495610336786,-0.11456440673089709,22,paired
selfishness_gap,mixed|d0700e0000h0300,0.17,105.52821775555526,1.0552821775555525,1.043808721022799,1.0664677002313152,26,paired
selfishness_gap_vs_so,mixed|d0700e0000h0300,0.17,5.5342046317154425,-0.08931041038164594,-0.10721513619426036,-0.07007936137131553,26,paired
selfishness_gap,mixed|d0700e0000h0300,0.28,107.17971407681316,1.0717971407681315,1.0620424941055187,1.081352477121923,16,paired
selfishness_gap_vs_so,mixed|d0700e0000h0300,0.28,7.2034130455345995,-0.11618432399669563,-0.1313858017765641,-0.10053712713789645,16,paired
selfishness_gap,mixed|d0700e0000h0300,0.5,109.87173632800446,1.0987173632800447,1.086063896515749,1.11291000776634,25,paired
selfishness_gap_vs_so,mixed|d0700e0000h0300,0.5,9.88466900230313,-0.15902757027835643,-0.17966336781526174,-0.13824446324110776,25,paired
toll_gap,mixed|d0700e0000h0300,0.17,-35.87678758003817,-0.048824522955646044,-0.07839640734192123,-0.020608433163228575,16,paired
toll_gap,mixed|d0700e0000h0300,0.28,3.201557051351763,0.004356981388002196,-0.01997411246870312,0.032851949554734944,8,paired
toll_gap,mixed|d0700e0000h0300,0.5,22.588003860072458,0.030739890257118613,0.003479793336469281,0.05715633908526721,18,paired
toll_direct,mixed|d0700e0000h0300,0.17,-2.5070696714405707,0.043777789471388814,0.026019765904083583,0.059866454047524734,26,paired
toll_direct,mixed|d0700e0000h0300,0.28,-0.6796364644541911,0.011867632717545675,-0.0018985437463055566,0.025374705811225053,18,paired
toll_direct,mixed|d0700e0000h0300,0.5,1.2296879815749373,-0.021472487257185802,-0.04179429406270379,-0.0022001203254923304,24,paired
second_best_toll,mixed|d0700e0000h0300,0.17,-2.5070696714405707,0.043777789471388814,0.027121146935726155,0.06191345327501603,26,paired
selfishness_gap,mixed|d0700e0300h0000,0.0,108.72969398507699,1.08729693985077,1.077579674331706,1.0975459264821021,22,paired
selfishness_gap_vs_so,mixed|d0700e0300h0000,0.0,8.738916896041955,-0.14070391837245386,-0.15601515540764405,-0.12617595989154565,22,paired
selfishness_gap,mixed|d0700e0300h0000,0.17,104.99203447447955,1.0499203447447956,1.0408613699782763,1.058995957610632,22,paired
selfishness_gap_vs_so,mixed|d0700e0300h0000,0.17,5.0123737616806245,-0.08088915886421248,-0.0947210241704241,-0.06834660705185427,22,paired
selfishness_gap,mixed|d0700e0300h0000,0.28,106.05542669653367,1.0605542669653367,1.0485780586257285,1.0718325053751954,20,paired
selfishness_gap_vs_so,mixed|d0700e0300h0000,0.28,6.047058018114116,-0.09753339751063037,-0.1153710801340702,-0.0792026613580703,20,paired
selfishness_gap,mixed|d0700e0300h0000,0.5,108.34537688043082,1.0834537688043082,1.0763276876556005,1.0907803670607101,20,paired
selfishness_gap_vs_so,mixed|d0700e0300h0000,0.5,8.367018211979376,-0.13461114139642016,-0.14680929989225988,-0.12363244516697348,20,paired
toll_gap,mixed|d0700e0300h0000,0.17,-37.180563616303836,-0.05721829639818475,-0.07901177692869879,-0.03470144384210293,16,paired
toll_gap,mixed|d0700e0300h0000,0.28,-33.102282576051834,-0.05094210608099681,-0.09779811864069797,-0.00725574020904759,10,paired
toll_gap,mixed|d0700e0300h0000,0.5,0.17139121699629936,0.00026375913919281127,-0.019275904799088046,0.020280451213710266,13,paired
toll_direct,mixed|d0700e0300h0000,0.17,-3.033992273547657,0.0535189322718313,0.039951865461850845,0.0658172495208572,23,paired
toll_direct,mixed|d0700e0300h0000,0.28,-3.0411801165059185,0.05364572418353711,0.034041206263790945,0.07192446633383305,25,paired
toll_direct,mixed|d0700e0300h0000,0.5,-1.082662858311356,0.01909792608648929,0.003705253000714502,0.0349826051390394,23,paired
second_best_toll,mixed|d0700e0300h0000,0.17,-3.033992273547657,0.0535189322718313,0.04066806799701817,0.06659704525322134,23,paired
selfishness_gap,mixed|d0800e0000h0200,0.0,108.40285202934206,1.0840285202934206,1.0735001208990977,1.0939567422229775,26,paired
selfishness_gap_vs_so,mixed|d0800e0000h0200,0.0,8.39496800619431,-0.13516605171264634,-0.15097394541462822,-0.1192623154188087,26,paired
selfishness_gap,mixed|d0800e0000h0200,0.17,105.54555493410496,1.0554555493410496,1.043982128916837,1.06719412051069,28,paired
selfishness_gap_vs_so,mixed|d0800e0000h0200,0.17,5.549130954844354,-0.08955128980928628,-0.10812036705771863,-0.07278665490787391,28,paired
selfishness_gap,mixed|d0800e0000h0200,0.28,106.54762453464677,1.0654762453464677,1.054516043150298,1.077158924178327,26,paired
selfishness_gap_vs_so,mixed|d0800e0000h0200,0.28,6.547446459495848,-0.10560419567674915,-0.1228838023729427,-0.08924763065459891,26,paired
selfishness_gap,mixed|d0800e0000h0200,0.5,109.17673886444268,1.0917673886444268,1.08264670278008,1.100868967732683,34,paired
selfishness_gap_vs_so,mixed|d0800e0000h0200,0.5,9.169713891540496,-0.14752515435566005,-0.16210422545311634,-0.1333645591212067,34,paired
toll_gap,mixed|d0800e0000h0200,0.17,-30.312079280596773,-0.039463635888627446,-0.06935974617410293,-0.009074082748731699,20,paired
toll_gap,mixed|d0800e0000h0200,0.28,-26.300045544688523,-0.034240324183048676,-0.06334926846653241,-0.0030854705612686603,18,paired
toll_gap,mixed|d0800e0000h0200,0.5,16.013679695576478,0.020848389148541934,-0.00395292176791661,0.04765046900060265,24,paired
toll_direct,mixed|d0800e0000h0200,0.17,-2.0698267458953716,0.036020683619875135,0.019451978346374636,0.05037175772202871,32,paired
toll_direct,mixed|d0800e0000h0200,0.28,-1.047571209237495,0.018230623008454093,0.0032217267203576623,0.033835909394023936,32,paired
toll_direct,mixed|d0800e0000h0200,0.5,0.9442170507814932,-0.01643197611690877,-0.032668113328167984,7.769620092497857e-05,33,paired
second_best_toll,mixed|d0800e0000h0200,0.17,-2.0698267458953716,0.036020683619875135,0.02058298641228629,0.05051697510893374,32,paired
selfishness_gap,mixed|d0800e0200h0000,0.0,108.77024299235654,1.0877024299235654,1.0797749423598328,1.0974563031417042,28,paired
selfishness_gap_vs_so,mixed|d0800e0200h0000,0.0,8.778420308392471,-0.14133995656493487,-0.15623811834860085,-0.12766467519855756,28,paired
selfishness_gap,mixed|d0800e0200h0000,0.17,105.321418275716,1.05321418275716,1.0448686473869384,1.060746503788384,30,paired
selfishness_gap_vs_so,mixed|d0800e0200h0000,0.17,5.323811398378997,-0.0859151065825931,-0.09745340222239555,-0.07374064840919084,30,paired
selfishness_gap,mixed|d0800e0200h0000,0.28,106.41856423461007,1.0641856423461007,1.0532553400172109,1.073932065325069,27,paired
selfishness_gap_vs_so,mixed|d0800e0200h0000,0.28,6.4219827107138725,-0.1035805825997007,-0.11875583179654031,-0.08711089483695084,27,paired
selfishness_gap,mixed|d0800e0200h0000,0.5,109.39684706645431,1.0939684706645432,1.0837718319604095,1.1037932501026468,30,paired
selfishness_gap_vs_so,mixed|d0800e0200h0000,0.5,9.381500097555582,-0.15093243544450613,-0.166120334999914,-0.13605877485400278,30,paired
toll_gap,mixed|d0800e0200h0000,0.17,-34.587181212009355,-0.050211297150737015,-0.07227934920708694,-0.02929718236491014,22,paired
toll_gap,mixed|d0800e0200h0000,0.28,-22.453753469307724,-0.03259681905518613,-0.06342601758378436,-0.0063214698891937,20,paired
toll_gap,mixed|d0800e0200h0000,0.5,10.551052550150638,0.015317294335182897,-0.004311339224657661,0.03633334982386548,21,paired
toll_direct,mixed|d0800e0200h0000,0.17,-3.0480188823507683,0.053500574534633846,0.037880635187076316,0.0700423922272136,35,paired
toll_direct,mixed|d0800e0200h0000,0.28,-2.151408566790793,0.037762756342660554,0.02100612640757885,0.05411477209897875,35,paired
toll_direct,mixed|d0800e0200h0000,0.5,-0.08553394755770576,0.0015013408752321098,-0.012218678573429915,0.01296211041161361,33,paired
second_best_toll,mixed|d0800e0200h0000,0.17,-3.0480188823507683,0.053500574534633846,0.03866296202062607,0.0692784879535441,35,paired
selfishness_gap,mixed|d0900e0000h0100,0.0,107.66836914651559,1.0766836914651559,1.067703607486263,1.0868005869988533,22,paired
selfishness_gap_vs_so,mixed|d0900e0000h0100,0.0,7.671113614650932,-0.12351138667430601,-0.13901075855212824,-0.10809617847749851,22,paired
selfishness_gap,mixed|d0900e0000h0100,0.17,105.41910060521997,1.0541910060521997,1.0445537676723302,1.0631341359910627,26,paired
selfishness_gap_vs_so,mixed|d0900e0000h0100,0.17,5.434228058523514,-0.08769699899292502,-0.10272983756546777,-0.07267410790769395,26,paired
selfishness_gap,mixed|d0900e0000h0100,0.28,106.99569417530203,1.0699569417530204,1.0599897010322654,1.0798599759831946,21,paired
selfishness_gap_vs_so,mixed|d0900e0000h0100,0.28,6.996980461486398,-0.11285475923664079,-0.12896999242677043,-0.097259619428292,21,paired
selfishness_gap,mixed|d0900e0000h0100,0.5,110.2876078009624,1.102876078009624,1.0939389674836757,1.1119370181588841,28,paired
selfishness_gap_vs_so,mixed|d0900e0000h0100,0.5,10.298577351059782,-0.1656866540580318,-0.1805631297643042,-0.15218264454319563,28,paired
toll_gap,mixed|d0900e0000h0100,0.17,-26.94788033704625,-0.035292573654503986,-0.060390887526901534,-0.011124066715707061,17,paired
toll_gap,mixed|d0900e0000h0100,0.28,-24.906889019582355,-0.032619568004379706,-0.054838133660773385,-0.008215180260650207,14,paired
toll_gap,mixed|d0900e0000h0100,0.5,34.68126888804733,0.04542068694658711,0.02556252002588255,0.07147334584479659,15,paired
toll_direct,mixed|d0900e0000h0100,0.17,-2.238770957485949,0.03897812682057016,0.021110564321466036,0.05543743486187509,26,paired
toll_direct,mixed|d0900e0000h0100,0.28,-1.147046172861435,0.019970649987817373,0.00542843319416154,0.035875044180060725,24,paired
toll_direct,mixed|d0900e0000h0100,0.5,2.1993567952527937,-0.03829190645983454,-0.05837631406317961,-0.016951246226162727,24,paired
second_best_toll,mixed|d0900e0000h0100,0.17,-2.238770957485949,0.03897812682057016,0.022943002868353546,0.05393201814692201,26,paired
selfishness_gap,mixed|d0900e0100h0000,0.0,108.79400161998198,1.0879400161998198,1.076449661145903,1.0988936448788376,22,paired
selfishness_gap_vs_so,mixed|d0900e0100h0000,0.0,8.793034566006229,-0.14157525841467455,-0.1590919817000983,-0.12432668563816326,22,paired
selfishness_gap,mixed|d0900e0100h0000,0.17,105.58686172796632,1.0558686172796632,1.0460219099309942,1.0648701917939631,25,paired
selfishness_gap_vs_so,mixed|d0900e0100h0000,0.17,5.57953826950653,-0.09004199984474823,-0.10508115644932314,-0.07495706426255418,25,paired
selfishness_gap,mixed|d0900e0100h0000,0.28,107.47282797569595,1.0747282797569595,1.0663604226071315,1.083167335414333,25,paired
selfishness_gap_vs_so,mixed|d0900e0100h0000,0.28,7.475646720485472,-0.12057519889077245,-0.13387262635384287,-0.10711167699880164,25,paired
selfishness_gap,mixed|d0900e0100h0000,0.5,110.29464130126732,1.1029464130126732,1.0931409593476806,1.1127735590691517,25,paired
selfishness_gap_vs_so,mixed|d0900e0100h0000,0.5,10.306001344083038,-0.16580609352251735,-0.18277830307835752,-0.14981643163136973,25,paired
toll_gap,mixed|d0900e0100h0000,0.17,-33.12877694206453,-0.04508579374002193,-0.08247749682907463,-0.012934821443808432,15,paired
toll_gap,mixed|d0900e0100h0000,0.28,-2.5689371864211794,-0.003496131846962162,-0.031494327444898114,0.023387740375912392,12,paired
toll_gap,mixed|d0900e0100h0000,0.5,14.74129948573701,0.020061808778395904,-0.01159784258113304,0.05122496457618286,15,paired
toll_direct,mixed|d0900e0100h0000,0.17,-2.2875299143247996,0.03994431478885029,0.018874548572702342,0.06217372399056373,24,paired
toll_direct,mixed|d0900e0100h0000,0.28,-0.5707042565127839,0.009965504857763626,-0.010774016702393786,0.030545884227112092,22,paired
toll_direct,mixed|d0900e0100h0000,0.5,0.5563225241877051,-0.00971437439621008,-0.03256543593770777,0.014145911730564498,20,paired
second_best_toll,mixed|d0900e0100h0000,0.17,-2.2875299143247996,0.03994431478885029,0.019698396112612895,0.059492820427996425,24,paired
