method,toll,d,e,h,pct,interaction,ci_lo,ci_hi,klass,mode,n
mixed|d0200e0600h0200,0.0,0.2,0.6,0.2,-1.9552719230863258,0.035462022742790464,0.017806732840261217,0.052987202617322364,super,paired,28
mixed|d0200e0600h0200,0.17,0.2,0.6,0.2,-5.082344726797,0.09114511808589142,0.07225485658262965,0.10957210613376633,super,paired,29
mixed|d0200e0600h0200,0.28,0.2,0.6,0.2,-5.102203680045688,0.09121005818564619,0.0761697644452228,0.10759393669053816,super,paired,28
mixed|d0200e0600h0200,0.5,0.2,0.6,0.2,-1.5178216486279679,0.02682876198464206,0.013434152952424167,0.04099908010550527,super,paired,27
mixed|d0340e0330h0330,0.0,0.34,0.33,0.33,0.026416716318198693,-0.0004698432493737959,-0.012618182885349948,0.012054877396113958,linear,paired,27
mixed|d0340e0330h0330,0.17,0.34,0.33,0.33,-3.908887883235732,0.06842127372103349,0.05553411998109687,0.08044411165644876,super,paired,28
mixed|d0340e0330h0330,0.28,0.34,0.33,0.33,-2.583346323020896,0.045249271838796915,0.02986016145189081,0.058638449971256654,super,paired,27
mixed|d0340e0330h0330,0.5,0.34,0.33,0.33,-0.6171339997194105,0.01087542750529951,-0.002959037302793787,0.023030147261171335,linear,paired,25
mixed|d0600e0200h0200,0.0,0.6,0.2,0.2,-0.5823444339111437,0.010286279713221056,-0.003988256329012751,0.027361150546117367,linear,paired,27
mixed|d0600e0200h0200,0.17,0.6,0.2,0.2,-1.848598012983514,0.03204338687720597,0.01890897361303566,0.044457246566763954,super,paired,29
mixed|d0600e0200h0200,0.28,0.6,0.2,0.2,-2.040147533738432,0.03552497376808396,0.02530923237908328,0.044840196033197124,super,paired,28
mixed|d0600e0200h0200,0.5,0.6,0.2,0.2,-0.6314243628956879,0.011155997085463052,-0.0024117134847886747,0.024454102519432187,linear,paired,27
mixed|d0000e0200h0800,0.0,0.0,0.2,0.8,1.4540009071128386,-0.025471600909041808,-0.04121189378474755,-0.009577477719080355,sub,paired,27
mixed|d0000e0200h0800,0.17,0.0,0.2,0.8,-2.8525257416103327,0.04911896116472371,0.03690154572854029,0.060919513532940735,super,paired,26
mixed|d0000e0200h0800,0.28,0.0,0.2,0.8,-2.3847402399697257,0.040998432902834676,0.029612756334047727,0.05180327890932172,super,paired,27
mixed|d0000e0200h0800,0.5,0.0,0.2,0.8,-1.207785225317799,0.021071210040941306,0.010102774281866823,0.031197548805920287,super,paired,28
mixed|d0000e0400h0600,0.0,0.0,0.4,0.6,0.2693948365135389,-0.0047961003844557495,-0.017134205407113485,0.008363028652488292,linear,paired,27
mixed|d0000e0400h0600,0.17,0.0,0.4,0.6,-2.14446490661833,0.03765143919504781,0.018789855595596303,0.05393191912097231,super,paired,27
mixed|d0000e0400h0600,0.28,0.0,0.4,0.6,-3.920504631617285,0.06859891415879542,0.05682736491564434,0.08246861313910822,super,paired,27
mixed|d0000e0400h0600,0.5,0.0,0.4,0.6,-1.3574563526679642,0.023788096457062667,0.01114053428553366,0.03702756799449631,super,paired,31
mixed|d0000e0600h0400,0.0,0.0,0.6,0.4,-1.7405408509734641,0.031483236921023665,0.01497798346747535,0.046574674296722976,super,paired,28
mixed|d0000e0600h0400,0.17,0.0,0.6,0.4,-1.249353868233,0.02235785454119778,-0.0031114599077081326,0.04580325103579474,linear,paired,27
mixed|d0000e0600h0400,0.28,0.0,0.6,0.4,-3.04427914029608,0.05419714915066531,0.03858993909664167,0.07032091015804383,super,paired,27
mixed|d0000e0600h0400,0.5,0.0,0.6,0.4,-0.7100247777236276,0.012497777807085894,-0.0002961823074835905,0.02458294342071941,linear,paired,28
mixed|d0000e0800h0200,0.0,0.0,0.8,0.2,-0.9068887149115482,0.016662398602304937,-0.0022378146463871724,0.035870411640407426,linear,paired,27
mixed|d0000e0800h0200,0.17,0.0,0.8,0.2,-0.15620457030625634,0.002848166881005968,-0.018445388890947614,0.02362941072639712,linear,paired,28
mixed|d0000e0800h0200,0.28,0.0,0.8,0.2,-1.1795229581307691,0.021359308192547815,0.003664506779635969,0.03881106997759354,super,paired,25
mixed|d0000e0800h0200,0.5,0.0,0.8,0.2,-0.9909921681246099,0.017520500004458307,0.0034375361971408485,0.033127131376293764,super,paired,29
mixed|d0200e0000h0800,0.0,0.2,0.0,0.8,-0.6716353452966977,0.011607039274177939,-0.00540015662294127,0.02829031705331845,linear,paired,25
mixed|d0200e0000h0800,0.17,0.2,0.0,0.8,-0.48868170297260133,0.008268283475132754,-0.0042502331934303516,0.020435122825548713,linear,paired,28
mixed|d0200e0000h0800,0.28,0.2,0.0,0.8,-0.3361779826801928,0.005701633196569554,-0.006232125519997712,0.017765816384672176,linear,paired,28
mixed|d0200e0000h0800,0.5,0.2,0.0,0.8,0.018027149196785636,-0.00031443374036623786,-0.010977236627657067,0.009314239402585767,linear,paired,30
mixed|d0200e0200h0600,0.0,0.2,0.2,0.6,1.3626211229567375,-0.023936772263566393,-0.0444010619049285,-0.0036376890077639483,sub,paired,26
mixed|d0200e0200h0600,0.17,0.2,0.2,0.6,-2.3282453465709314,0.04017993590040052,0.028761350682628056,0.05312920421543316,super,paired,30
mixed|d0200e0200h0600,0.28,0.2,0.2,0.6,-1.7736009596478033,0.03062235901294384,0.01680247312314382,0.04398228251501556,super,paired,28
mixed|d0200e0200h0600,0.5,0.2,0.2,0.6,-0.49982450297222436,0.008756975177201712,-0.002978815948766329,0.020276948753395273,linear,paired,29
mixed|d0200e0400h0400,0.0,0.2,0.4,0.4,0.25917997927806274,-0.00462679429546722,-0.016778085877682137,0.00833331285076249,linear,paired,27
mixed|d0200e0400h0400,0.17,0.2,0.4,0.4,-5.120489522664348,0.09009828712528217,0.07813337147263329,0.10081139892727248,super,paired,31
mixed|d0200e0400h0400,0.28,0.2,0.4,0.4,-4.478705387450191,0.07869587572710258,0.06163003728880596,0.0936521118435961,super,paired,28
mixed|d0200e0400h0400,0.5,0.2,0.4,0.4,-1.2518547153005075,0.022030097220729808,0.00818326345793138,0.035724707252178814,super,paired,27
mixed|d0200e0800h0000,0.0,0.2,0.8,0.0,-1.2368930227011476,0.02278551554030432,0.005812797600260501,0.039150680257406964,super,paired,27
mixed|d0200e0800h0000,0.17,0.2,0.8,0.0,-3.135811148434895,0.05729663324614193,0.03716604527595046,0.07838675209246254,super,paired,26
mixed|d0200e0800h0000,0.28,0.2,0.8,0.0,-4.994678531496739,0.09081364562680966,0.07262733610717792,0.10696842920316744,super,paired,29
mixed|d0200e0800h0000,0.5,0.2,0.8,0.0,-1.8634774360659068,0.03308361860583039,0.02096234190000218,0.04677492961147234,super,paired,31
mixed|d0400e0000h0600,0.0,0.4,0.0,0.6,0.4299065456814035,-0.007450360050053863,-0.02009356083367925,0.005292896341767197,linear,paired,28
mixed|d0400e0000h0600,0.17,0.4,0.0,0.6,0.016145037734699906,-0.00027378285693565864,-0.013498247347022619,0.012307665578209961,linear,paired,29
mixed|d0400e0000h0600,0.28,0.4,0.0,0.6,0.734299323367941,-0.012507917551751624,-0.0270297254155392,0.000727060342307928,linear,paired,28
mixed|d0400e0000h0600,0.5,0.4,0.0,0.6,-0.054931059002350215,0.0009621821263826454,-0.00811342300134712,0.01108754584925665,linear,paired,30
mixed|d0400e0200h0400,0.0,0.4,0.2,0.4,0.25358729484577225,-0.004466975475021213,-0.018992769577088436,0.01128582956909912,linear,paired,28
mixed|d0400e0200h0400,0.17,0.4,0.2,0.4,-2.539377943648922,0.0439204329720365,0.030518765431851728,0.05813236751563765,super,paired,27
mixed|d0400e0200h0400,0.28,0.4,0.2,0.4,-1.965884227639986,0.0340870420359744,0.019747636747642062,0.04815318443548974,super,paired,28
mixed|d0400e0200h0400,0.5,0.4,0.2,0.4,-0.47224345632198983,0.008308671736387496,-0.0037678972066472276,0.020926567275520176,linear,paired,28
mixed|d0400e0400h0200,0.0,0.4,0.4,0.2,0.1541231222122811,-0.0027588182257695638,-0.01348269608236277,0.009388989116981546,linear,paired,27
mixed|d0400e0400h0200,0.17,0.4,0.4,0.2,-4.317855639184269,0.07614011797042353,0.06574336866472819,0.08699127044109578,super,paired,28
mixed|d0400e0400h0200,0.28,0.4,0.4,0.2,-4.209433502071356,0.07427449497338658,0.0627560666574083,0.08545844144408343,super,paired,28
mixed|d0400e0400h0200,0.5,0.4,0.4,0.2,-0.5333318312848205,0.009424991974879005,-0.002380621435931404,0.020299221050872687,linear,paired,27
mixed|d0400e0600h0000,0.0,0.4,0.6,0.0,-1.1941748371754326,0.021716125483041956,0.005920309843014639,0.036891135002582065,super,paired,29
mixed|d0400e0600h0000,0.17,0.4,0.6,0.0,-6.002706673012822,0.10787953910195168,0.09117518183023764,0.1242480108956334,super,paired,27
mixed|d0400e0600h0000,0.28,0.4,0.6,0.0,-5.2081324708334495,0.09348728809447794,0.07470893019379987,0.11098475468853386,super,paired,26
mixed|d0400e0600h0000,0.5,0.4,0.6,0.0,-2.05568255124645,0.03648790547013062,0.020668429717255028,0.053096187238107904,super,paired,28
mixed|d0600e0000h0400,0.0,0.6,0.0,0.4,0.14134165719188946,-0.0024563219207014986,-0.021904336131151902,0.015553957186328406,linear,paired,28
mixed|d0600e0000h0400,0.17,0.6,0.0,0.4,-0.5704732842483619,0.009695678538147203,-0.002898734324683702,0.022304738924015792,linear,paired,29
mixed|d0600e0000h0400,0.28,0.6,0.0,0.4,0.5645593692325388,-0.009658179128407671,-0.027848687931749154,0.0075845818122685675,linear,paired,28
mixed|d0600e0000h0400,0.5,0.6,0.0,0.4,-0.08268757148456597,0.0014544842924340998,-0.01018894068349411,0.014532253017831101,linear,paired,31
mixed|d0600e0400h0000,0.0,0.6,0.4,0.0,-1.0015855421168167,0.017976978692281542,0.004697581226331657,0.03045933312380465,super,paired,26
mixed|d0600e0400h0000,0.17,0.6,0.4,0.0,-4.02211727849709,0.0710785401433691,0.05915727633907622,0.08247051376111213,super,paired,27
mixed|d0600e0400h0000,0.28,0.6,0.4,0.0,-3.352607266444981,0.059402913545327694,0.043754617384004,0.07454908302713908,super,paired,25
mixed|d0600e0400h0000,0.5,0.6,0.4,0.0,-1.1813384992883849,0.020963859402994077,0.0017332584174486049,0.03843158877288523,super,paired,27
mixed|d0800e0000h0200,0.0,0.8,0.0,0.2,-0.18099871791960567,0.003154271940653859,-0.011997536972007974,0.018049943247109495,linear,paired,29
mixed|d0800e0000h0200,0.17,0.8,0.0,0.2,-0.21641283529902228,0.003686374347597872,-0.012809959073775424,0.017988335485641497,linear,paired,29
mixed|d0800e0000h0200,0.28,0.8,0.0,0.2,0.30469588120264346,-0.005235014942362288,-0.020366161446539903,0.01217249444697699,linear,paired,27
mixed|d0800e0000h0200,0.5,0.8,0.0,0.2,-0.5857109326041073,0.010346034912554643,-0.004229729890997487,0.02651835618307045,linear,paired,30
mixed|d0800e0200h0000,0.0,0.8,0.2,0.0,-1.0422629883931591,0.018460555965600565,0.007374615695705697,0.028945973393884966,super,paired,28
mixed|d0800e0200h0000,0.17,0.8,0.2,0.0,-1.5656769764548562,0.02719898237945757,0.014618538418014658,0.03902470439826727,super,paired,30
mixed|d0800e0200h0000,0.28,0.8,0.2,0.0,-2.1210592086776763,0.03709010193528173,0.022884825506305766,0.05098345162218658,super,paired,28
mixed|d0800e0200h0000,0.5,0.8,0.2,0.0,-0.833475602629098,0.014787465604109552,0.000697757167287819,0.028351673555267937,super,paired,31
mixed|d0000e0100h0900,0.0,0.0,0.1,0.9,1.933946641884024,-0.03360388378265266,-0.04971050888766388,-0.018204313429291873,sub,paired,24
mixed|d0000e0100h0900,0.17,0.0,0.1,0.9,-1.3525427780262584,0.02306145643073841,0.007381805304308747,0.03924045289756146,super,paired,23
mixed|d0000e0100h0900,0.28,0.0,0.1,0.9,-1.2374114817436255,0.02108456525808324,0.004551893152938291,0.03810014747593993,super,paired,19
mixed|d0000e0100h0900,0.5,0.0,0.1,0.9,-1.0294289040941793,0.01791949868787653,0.003006617331436784,0.03087867060231217,super,paired,24
mixed|d0000e0300h0700,0.0,0.0,0.3,0.7,0.9651024762147007,-0.017044444189457556,-0.03332202768638691,-0.0005527968022388104,sub,paired,27
mixed|d0000e0300h0700,0.17,0.0,0.3,0.7,-1.8400182226478667,0.031995121267685715,0.011666039240063666,0.05036298819397346,super,paired,23
mixed|d0000e0300h0700,0.28,0.0,0.3,0.7,-2.3531911534093983,0.04081546704466873,0.024328282273716927,0.0566024789353919,super,paired,24
mixed|d0000e0300h0700,0.5,0.0,0.3,0.7,-0.44707068142684114,0.007817071004294138,-0.005917179244651243,0.021509203687940553,linear,paired,28
mixed|d0000e0500h0500,0.0,0.0,0.5,0.5,-1.4272429075180264,0.025612894366443033,0.009609756960106967,0.04298588254108073,super,paired,18
mixed|d0000e0500h0500,0.17,0.0,0.5,0.5,-1.328161603088974,0.02354367813651521,0.007368020814367087,0.040837672670098295,super,paired,20
mixed|d0000e0500h0500,0.28,0.0,0.5,0.5,-3.521932115645832,0.06216284223886291,0.04852195010248764,0.0744600908250084,super,paired,26
mixed|d0000e0500h0500,0.5,0.0,0.5,0.5,-1.3223141240034542,0.023223745281463,0.007727504104007099,0.04007732420870655,super,paired,24
mixed|d0000e0700h0300,0.0,0.0,0.7,0.3,-1.1655990091642991,0.02124964955968986,0.001364179414014819,0.03958895710358447,super,paired,23
mixed|d0000e0700h0300,0.17,0.0,0.7,0.3,-0.7340026508934246,0.013259428827958867,-0.013400334475480252,0.0394211315857881,linear,paired,18
mixed|d0000e0700h0300,0.28,0.0,0.7,0.3,-1.3985481262626656,0.025111896134504708,0.005282123951973094,0.04598810080535824,super,paired,26
mixed|d0000e0700h0300,0.5,0.0,0.7,0.3,-1.0060619608627501,0.017747760956444678,0.002030698232125964,0.03254159560886893,super,paired,28
mixed|d0000e0750h0250,0.0,0.0,0.75,0.25,-1.6712877764773728,0.03058775402428059,0.01077658850904284,0.05045279163932648,super,paired,24
mixed|d0000e0750h0250,0.17,0.0,0.75,0.25,-0.6021675271154984,0.010928774922873072,-0.005841942680076119,0.030301509956751033,linear,paired,27
mixed|d0000e0750h0250,0.28,0.0,0.75,0.25,-1.7668062251992087,0.031859155018461705,0.007941861533201762,0.05491547938120327,super,paired,22
mixed|d0000e0750h0250,0.5,0.0,0.75,0.25,-1.3239929879564034,0.023382099631798787,0.005242266641974366,0.04075136476412913,super,paired,30
mixed|d0000e0850h0150,0.0,0.0,0.85,0.15,-0.818616250280701,0.015098872715355625,-0.00708293435894887,0.0376149866439287,linear,paired,21
mixed|d0000e0850h0150,0.17,0.0,0.85,0.15,-1.0048190322910318,0.01840635374000086,-0.00247878600010714,0.0422710826980016,linear,paired,20
mixed|d0000e0850h0150,0.28,0.0,0.85,0.15,-0.6846617230087108,0.012450435981802288,-0.008283523981431713,0.03419005101307151,linear,paired,24
mixed|d0000e0850h0150,0.5,0.0,0.85,0.15,-0.013347693591370518,0.0002362438044204184,-0.016883580267817288,0.020038857327834007,linear,paired,26
mixed|d0000e0900h0100,0.0,0.0,0.9,0.1,-0.8087853647683991,0.014975164725275786,-0.009251015988607796,0.0378979672900119,linear,paired,23
mixed|d0000e0900h0100,0.17,0.0,0.9,0.1,0.9509197527302621,-0.017499383677963866,-0.04306978295278873,0.009671744246936557,linear,paired,20
mixed|d0000e0900h0100,0.28,0.0,0.9,0.1,-0.8228946258650358,0.01502701791599573,-0.00979806023902201,0.03837233919671105,linear,paired,21
mixed|d0000e0900h0100,0.5,0.0,0.9,0.1,-1.0970731188683915,0.019438698034553992,-0.005677386526102627,0.046431839533552725,linear,paired,24
mixed|d0050e0750h0200,0.0,0.05,0.75,0.2,-1.5903015436902288,0.029124805088450906,0.008713772624446482,0.05189399551837823,super,paired,23
mixed|d0050e0750h0200,0.17,0.05,0.75,0.2,-1.1512337507258603,0.02090478836615411,0.0002549648323096998,0.04137730477190946,super,paired,23
mixed|d0050e0750h0200,0.28,0.05,0.75,0.2,-2.6292456430474083,0.04745912545795567,0.018876360903308034,0.07596292470570647,super,paired,19
mixed|d0050e0750h0200,0.5,0.05,0.75,0.2,-1.2847811817342283,0.022713358023771092,0.005815815057681435,0.038311984059145994,super,paired,25
mixed|d0050e0800h0150,0.0,0.05,0.8,0.15,-0.8768454905834274,0.016121025925329747,-0.0020010495846861823,0.03340116208534812,linear,paired,25
mixed|d0050e0800h0150,0.17,0.05,0.8,0.15,-0.7123341704985502,0.01299518684875004,-0.0046678264208211,0.029554437035635414,linear,paired,23
mixed|d0050e0800h0150,0.28,0.05,0.8,0.15,-1.4342578092748814,0.02599856482033815,0.006759654690853171,0.04731127600641367,super,paired,21
mixed|d0050e0800h0150,0.5,0.05,0.8,0.15,-1.586164343982895,0.028072320580846542,0.010222463080642537,0.047638462478634395,super,paired,27
mixed|d0100e0000h0900,0.0,0.1,0.0,0.9,0.09411919672437898,-0.0016242661691252354,-0.022575538947491394,0.01950280592358928,linear,paired,23
mixed|d0100e0000h0900,0.17,0.1,0.0,0.9,-0.37813183753066765,0.006390616312394232,-0.0074355983284393155,0.020652034753870358,linear,paired,23
mixed|d0100e0000h0900,0.28,0.1,0.0,0.9,-0.22513607168446623,0.0038100536202100256,-0.006484085477661283,0.013878235908034763,linear,paired,25
mixed|d0100e0000h0900,0.5,0.1,0.0,0.9,-0.20292493964912686,0.0035319616491627038,-0.009281376155530477,0.016351960272947434,linear,paired,28
mixed|d0100e0900h0000,0.0,0.1,0.9,0.0,-1.4029491774285243,0.026010448430079807,0.005469025418656063,0.04716523409061754,super,paired,25
mixed|d0100e0900h0000,0.17,0.1,0.9,0.0,-1.8338031847636844,0.033781694550517806,0.00788648589257717,0.057278163662303455,super,paired,22
mixed|d0100e0900h0000,0.28,0.1,0.9,0.0,-2.595585654491246,0.047494012056096345,0.02402134553420869,0.07060699669443976,super,paired,24
mixed|d0100e0900h0000,0.5,0.1,0.9,0.0,-1.4230779265657363,0.025267689575765674,0.006202010528710348,0.0433967883173788,super,paired,29
mixed|d0150e0400h0450,0.0,0.15,0.4,0.45,0.14125752315201512,-0.002519971865159565,-0.014775548422320015,0.01155243417148495,linear,paired,24
mixed|d0150e0400h0450,0.17,0.15,0.4,0.45,-3.7082777191932865,0.06521415816267605,0.05117000312542858,0.08170072311002949,super,paired,27
mixed|d0150e0400h0450,0.28,0.15,0.4,0.45,-4.578959875805332,0.08037314847208639,0.0629855853604701,0.09594935981355024,super,paired,19
mixed|d0150e0400h0450,0.5,0.15,0.4,0.45,-0.8120818578240208,0.014275977242840111,0.0020215694345603647,0.028981266617764415,super,paired,22
mixed|d0150e0450h0400,0.0,0.15,0.45,0.4,-0.7241478366258297,0.01297006497438862,-0.006263506262092941,0.03332419595328369,linear,paired,21
mixed|d0150e0450h0400,0.17,0.15,0.45,0.4,-4.468758902943456,0.07896570926708227,0.061086093697814564,0.09511345534894643,super,paired,25
mixed|d0150e0450h0400,0.28,0.15,0.45,0.4,-4.762962900653721,0.08396664676018549,0.06672560028406527,0.10052200971497624,super,paired,22
mixed|d0150e0450h0400,0.5,0.15,0.45,0.4,-1.3091459816715647,0.023039591036997344,0.0012290636558818225,0.04432605315635946,super,paired,22
mixed|d0200e0350h0450,0.0,0.2,0.35,0.45,0.30870106903993305,-0.005488836830255139,-0.015600041386188332,0.0050846318935265505,linear,paired,24
mixed|d0200e0350h0450,0.17,0.2,0.35,0.45,-3.886937347552421,0.06806466716698562,0.052067990467376694,0.08268242155099864,super,paired,22
mixed|d0200e0350h0450,0.28,0.2,0.35,0.45,-4.096418425754074,0.07166582224325567,0.057227531532206534,0.08714024747104775,super,paired,22
mixed|d0200e0350h0450,0.5,0.2,0.35,0.45,-0.5303833422807501,0.009323343451401084,-0.006017932939604675,0.02350530367800757,linear,paired,25
mixed|d0200e0450h0350,0.0,0.2,0.45,0.35,-1.055537277156521,0.01891829327064818,-0.0018737424025682384,0.03887529528976663,linear,paired,23
mixed|d0200e0450h0350,0.17,0.2,0.45,0.35,-4.101476295493509,0.07251470901567643,0.05907548839154428,0.08656915784397941,super,paired,24
mixed|d0200e0450h0350,0.28,0.2,0.45,0.35,-4.74279686732684,0.0836984658910742,0.06743662742599567,0.09872846838121635,super,paired,23
mixed|d0200e0450h0350,0.5,0.2,0.45,0.35,-1.0730022556759187,0.01890354540386875,0.006724736954817688,0.030826100899508546,super,paired,25
mixed|d0250e0350h0400,0.0,0.25,0.35,0.4,0.786535198132666,-0.01399445418061759,-0.03174952437957565,0.0018975852162641577,linear,paired,28
mixed|d0250e0350h0400,0.17,0.25,0.35,0.4,-4.6163963005050235,0.08088233655443831,0.06453198724056267,0.09735444818436648,super,paired,26
mixed|d0250e0350h0400,0.28,0.25,0.35,0.4,-3.7218760595121,0.06518182643614663,0.052756641174400716,0.07820851451622704,super,paired,27
mixed|d0250e0350h0400,0.5,0.25,0.35,0.4,-1.2245082375183034,0.021547653802304556,0.00940242819742054,0.03317849156690342,super,paired,24
mixed|d0250e0400h0350,0.0,0.25,0.4,0.35,0.25612609521505675,-0.0045753782669940716,-0.023774810957919047,0.013917980108379201,linear,paired,23
mixed|d0250e0400h0350,0.17,0.25,0.4,0.35,-4.652571613615842,0.08190933573792751,0.0649279320254426,0.09820584574565339,super,paired,21
mixed|d0250e0400h0350,0.28,0.25,0.4,0.35,-4.501635162211915,0.07918166485720576,0.06532467176629285,0.09201702269792926,super,paired,25
mixed|d0250e0400h0350,0.5,0.25,0.4,0.35,-1.4187675360183791,0.02499365052752565,0.009359387739979975,0.04110808313253379,super,paired,24
mixed|d0300e0000h0700,0.0,0.3,0.0,0.7,-0.07951933767608378,0.001376159385516429,-0.011627778600653772,0.013968891897761364,linear,paired,25
mixed|d0300e0000h0700,0.17,0.3,0.0,0.7,0.3426728957649093,-0.005804412420753118,-0.019225072955510587,0.007834452206112626,linear,paired,26
mixed|d0300e0000h0700,0.28,0.3,0.0,0.7,0.60031539105048,-0.010203553409475619,-0.03445611828904555,0.013973124126180037,linear,paired,17
mixed|d0300e0000h0700,0.5,0.3,0.0,0.7,0.7244312478555437,-0.01266248219423914,-0.023071859661539892,-0.0036236139222146687,sub,paired,29
mixed|d0300e0700h0000,0.0,0.3,0.7,0.0,-2.183254952257067,0.03996079252688969,0.026315678576655458,0.05390216907881514,super,paired,23
mixed|d0300e0700h0000,0.17,0.3,0.7,0.0,-5.828628089287517,0.10562501772948328,0.0862824297332508,0.1259539558007387,super,paired,25
mixed|d0300e0700h0000,0.28,0.3,0.7,0.0,-5.909577848787375,0.10676341374171301,0.08901317869653476,0.12429987687228286,super,paired,23
mixed|d0300e0700h0000,0.5,0.3,0.7,0.0,-1.6256597078340858,0.02885828514344743,0.010917501420982152,0.04675161696323038,super,paired,25
mixed|d0500e0000h0500,0.0,0.5,0.0,0.5,0.48202231325633743,-0.008365207527471708,-0.028694369581480954,0.012067132285700308,linear,paired,22
mixed|d0500e0000h0500,0.17,0.5,0.0,0.5,0.2923532900316431,-0.00496321743195313,-0.011859090533398727,0.0013726088133528753,linear,paired,30
mixed|d0500e0000h0500,0.28,0.5,0.0,0.5,0.31982150625124733,-0.005459557371731596,-0.02244381986155617,0.010865462446906102,linear,paired,23
mixed|d0500e0000h0500,0.5,0.5,0.0,0.5,1.1070249237712895,-0.01943177253558289,-0.034373355075217896,-0.004199679455354962,sub,paired,23
mixed|d0500e0500h0000,0.0,0.5,0.5,0.0,-1.0446605926901433,0.01887365702503065,0.003939607119350926,0.03359432311572261,super,paired,26
mixed|d0500e0500h0000,0.17,0.5,0.5,0.0,-5.470390583533606,0.09749258220659852,0.08420273047841953,0.1102641045276666,super,paired,22
mixed|d0500e0500h0000,0.28,0.5,0.5,0.0,-4.54609739154222,0.08107663412098813,0.06512872409418306,0.09775520204739241,super,paired,23
mixed|d0500e0500h0000,0.5,0.5,0.5,0.0,-1.4216444575235772,0.025231082375661868,0.013276000482146484,0.03681219388182546,super,paired,27
mixed|d0700e0000h0300,0.0,0.7,0.0,0.3,0.30666757639665077,-0.005336882618230672,-0.023409957964728306,0.012954639098854822,linear,paired,26
mixed|d0700e0000h0300,0.17,0.7,0.0,0.3,0.16234626822043313,-0.002762308893505745,-0.015687281292253854,0.010850699455260297,linear,paired,25
mixed|d0700e0000h0300,0.28,0.7,0.0,0.3,1.0829369086513012,-0.018566183855832596,-0.03674861312028802,-0.002221240618995781,sub,paired,20
mixed|d0700e0000h0300,0.5,0.7,0.0,0.3,0.3293901031497375,-0.00580618949044866,-0.020896274430630253,0.008563896414558618,linear,paired,27
mixed|d0700e0300h0000,0.0,0.7,0.3,0.0,-1.4660329382908706,0.02613974458717132,0.007526845423182524,0.044417007863992664,super,paired,24
mixed|d0700e0300h0000,0.17,0.7,0.3,0.0,-2.8110992550024405,0.04925600823243346,0.0363752139852195,0.06203685391833057,super,paired,23
mixed|d0700e0300h0000,0.28,0.7,0.3,0.0,-2.151425779904198,0.03787049088495689,0.021702747881298987,0.053926549441574136,super,paired,22
mixed|d0700e0300h0000,0.5,0.7,0.3,0.0,-1.1883098259535372,0.021085240507333985,0.003667441111617304,0.0372628737797209,super,paired,19
mixed|d0900e0000h0100,0.0,0.9,0.0,0.1,-0.32764420056336774,0.0057178021668496575,-0.013608075551763119,0.026276956002269532,linear,paired,24
mixed|d0900e0000h0100,0.17,0.9,0.0,0.1,0.211344696894015,-0.0036040741685103763,-0.015118570637622064,0.008730199382681008,linear,paired,26
mixed|d0900e0000h0100,0.28,0.9,0.0,0.1,-0.05671533154368095,0.0009765211926729503,-0.013948460772774642,0.014676180668594142,linear,paired,24
mixed|d0900e0000h0100,0.5,0.9,0.0,0.1,0.685865553229076,-0.012140530046188057,-0.03167846068769723,0.008169215953910666,linear,paired,26
mixed|d0900e0100h0000,0.0,0.9,0.1,0.0,-0.07552141177311224,0.001328703400785677,-0.01958216786614594,0.020829870090010024,linear,paired,21
mixed|d0900e0100h0000,0.17,0.9,0.1,0.0,-1.4627693982656824,0.02519193089312587,0.007344045520042798,0.042792970904701404,super,paired,23
mixed|d0900e0100h0000,0.28,0.9,0.1,0.0,-0.3585160719683735,0.006227667968300987,-0.008436136534218715,0.02145906712965576,linear,paired,26
mixed|d0900e0100h0000,0.5,0.9,0.1,0.0,-0.13628223799123612,0.0024176425584197993,-0.013062254128555885,0.01748574135312297,linear,paired,26
